Rank,Abbr,Team,LastWkRank,GPF,oGPF,oGPF_Rank,dGPF,dGPF_Rank,W,L
1,SEA,Seattle Seahawks,3,4.9,1.5,10,3.5,1,3,1
2,JAC,Jacksonville Jaguars,12,4.8,3.1,7,1.7,6,3,1
3,LA,Los Angeles Rams,2,4.8,3.3,5,1.6,7,2,2
4,KC,Kansas City Chiefs,5,4.6,3.1,6,1.5,8,4,0
5,BUF,Buffalo Bills,1,4.3,5.2,1,-0.8,22,3,1
6,SF,San Francisco 49ers,6,4.1,3.8,4,0.3,13,4,0
7,CHI,Chicago Bears,24,3.1,2.4,9,0.7,10,3,1
8,DET,Detroit Lions,7,2.9,4.5,2,-1.6,27,2,2
9,DEN,Denver Broncos,8,2.9,0.7,11,2.2,3,2,2
10,CIN,Cincinnati Bengals,10,2.8,2.7,8,0.1,16,2,2
11,HOU,Houston Texans,9,2.1,-0.8,19,2.9,2,0,4
12,DAL,Dallas Cowboys,11,1.8,4.2,3,-2.4,30,2,2
13,NE,New England Patriots,16,0.7,0.1,14,0.5,11,2,2
14,ATL,Atlanta Falcons,23,0.4,0.1,15,0.3,12,2,2
15,MIN,Minnesota Vikings,15,0.1,-1.8,24,1.9,4,4,0
16,BAL,Baltimore Ravens,4,-0.2,-0.5,17,0.2,14,3,1
17,PHI,Philadelphia Eagles,13,-0.3,-2.2,25,1.9,5,2,2
18,PIT,Pittsburgh Steelers,19,-0.8,-1.8,23,1.0,9,2,2
19,CAR,Carolina Panthers,20,-0.8,0.5,12,-1.3,25,2,2
20,IND,Indianapolis Colts,18,-1.3,0.3,13,-1.6,28,2,2
21,GB,Green Bay Packers,14,-1.5,-1.5,21,0.0,17,2,2
22,LAC,Los Angeles Chargers,17,-1.8,-1.5,22,-0.2,18,0,4
23,LV,Las Vegas Raiders,21,-2.2,-0.9,20,-1.2,24,3,1
24,NO,New Orleans Saints,22,-3.0,-0.6,18,-2.5,31,1,3
25,ARZ,Arizona Cardinals,25,-3.3,-0.2,16,-3.2,32,1,3
26,CLE,Cleveland Browns,28,-4.5,-4.2,28,-0.3,19,3,1
27,NYJ,New York Jets,27,-4.6,-3.3,26,-1.3,26,1,3
28,WAS,Washington Commanders,29,-4.9,-4.0,27,-0.9,23,1,3
29,TB,Tampa Bay Buccaneers,26,-5.0,-5.2,29,0.2,15,0,4
30,NYG,New York Giants,31,-6.3,-5.9,32,-0.4,20,3,1
31,MIA,Miami Dolphins,32,-6.7,-5.9,31,-0.8,21,0,4
32,TEN,Tennessee Titans,30,-7.2,-5.4,30,-1.9,29,0,4
