"Rank","Season","Player","Team","Pos.","Snaps","Rush Snaps","Points Saved","PS Per Play","Points Above Avg","PAA Per Play","Positive%","PAR","WAR"
"[object Object]","2025","Jack Campbell","Lions","LB","1043","410","31.12","0.076","17.90","0.044","45.6%","21.0","0.7"
"[object Object]","2025","Maxx Crosby","Raiders","DE","889","399","30.05","0.075","17.38","0.044","47.4%","21.6","0.7"
"[object Object]","2025","Jordyn Brooks","Dolphins","LB","941","405","27.55","0.068","14.06","0.035","46.4%","17.2","0.5"
"[object Object]","2025","Cedric Gray","Titans","LB","880","377","27.45","0.073","15.15","0.040","45.9%","18.0","0.6"
"[object Object]","2025","Tyson Campbell","2 teams","CB","932","362","23.82","0.066","11.98","0.033","43.1%","11.5","0.4"
"[object Object]","2025","Carson Schwesinger","Browns","LB","918","408","23.44","0.057","9.70","0.024","40.9%","12.8","0.4"
"[object Object]","2025","Kevin Byard III","Bears","S","1023","428","22.62","0.053","8.16","0.019","47.9%","7.4","0.2"
"[object Object]","2025","Jordan Battle","Bengals","S","1006","423","22.41","0.053","8.92","0.021","51.1%","8.2","0.3"
"[object Object]","2025","Nahshon Wright","Bears","CB","996","416","22.40","0.054","8.39","0.020","48.3%","7.8","0.2"
"[object Object]","2025","Talanoa Hufanga","Broncos","S","1023","354","22.13","0.063","10.66","0.030","41.8%","10.0","0.3"
"[object Object]","2025","Devin Bush","Browns","LB","842","422","21.76","0.052","7.85","0.019","42.4%","11.0","0.3"
"[object Object]","2025","Blake Cashman","Vikings","LB","758","366","21.12","0.058","8.95","0.024","48.1%","11.8","0.4"
"[object Object]","2025","Byron Murphy Jr.","Vikings","CB","1002","484","20.85","0.043","4.62","0.010","49.0%","4.0","0.1"
"[object Object]","2025","Bobby Wagner","Commanders","LB","1080","462","20.79","0.045","6.42","0.014","51.3%","9.9","0.3"
"[object Object]","2025","Jeffery Simmons","Titans","DT","727","283","20.46","0.072","11.02","0.039","49.8%","13.8","0.4"
"[object Object]","2025","Byron Young","Rams","LB","813","309","20.26","0.066","10.42","0.034","43.0%","12.8","0.4"
"[object Object]","2025","Jamien Sherwood","Jets","LB","1061","493","19.75","0.040","4.77","0.010","45.2%","8.4","0.3"
"[object Object]","2025","Dane Belton","Giants","S","666","241","19.70","0.082","11.75","0.049","54.8%","11.3","0.4"
"[object Object]","2025","Cameron Heyward","Steelers","DT","785","307","19.31","0.063","9.71","0.032","47.9%","12.8","0.4"
"[object Object]","2025","Brandon Stephens","Jets","CB","1001","455","19.30","0.042","5.27","0.012","43.7%","4.7","0.1"
"[object Object]","2025","Jeremy Chinn","Raiders","S","946","429","19.06","0.044","5.62","0.013","46.2%","4.8","0.1"
"[object Object]","2025","Kamari Lassiter","Texans","CB","905","332","18.57","0.056","7.00","0.021","41.3%","6.6","0.2"
"[object Object]","2025","Jonathan Allen","Vikings","DT","778","382","18.49","0.048","5.72","0.015","48.7%","9.5","0.3"
"[object Object]","2025","Reed Blankenship","Eagles","S","971","391","18.45","0.047","6.18","0.016","49.1%","5.5","0.2"
"[object Object]","2025","Demario Davis","Saints","LB","1036","478","18.38","0.038","3.16","0.007","45.2%","6.8","0.2"
"[object Object]","2025","Tommy Togiai","Texans","DT","442","206","18.33","0.089","11.05","0.054","37.9%","13.1","0.4"
"[object Object]","2025","Malachi Moore","Jets","S","906","414","18.01","0.044","5.67","0.014","46.1%","4.9","0.2"
"[object Object]","2025","Xavier McKinney","Packers","S","997","417","17.98","0.043","4.52","0.011","49.4%","3.7","0.1"
"[object Object]","2025","Germaine Pratt","2 teams","LB","876","383","17.88","0.047","6.13","0.016","44.1%","9.1","0.3"
"[object Object]","2025","Derrick Brown","Panthers","DT","782","346","17.59","0.051","6.23","0.018","45.4%","9.6","0.3"
"[object Object]","2025","Jack Jones","Dolphins","CB","937","394","17.58","0.045","4.50","0.011","47.2%","4.0","0.1"
"[object Object]","2025","A.J. Terrell","Falcons","CB","916","368","17.38","0.047","5.77","0.016","48.9%","5.3","0.2"
"[object Object]","2025","Kam Curl","Rams","S","1063","403","17.03","0.042","4.17","0.010","45.2%","3.4","0.1"
"[object Object]","2025","Jordan Davis","Eagles","DT","661","306","16.98","0.055","7.36","0.024","48.7%","10.4","0.3"
"[object Object]","2025","Brian Branch","Lions","S","710","294","16.53","0.056","7.25","0.025","40.8%","6.7","0.2"
"[object Object]","2025","Tremaine Edmunds","Bears","LB","776","323","16.16","0.050","5.35","0.017","48.6%","7.9","0.2"
"[object Object]","2025","David Onyemata","Falcons","DT","610","304","15.97","0.053","6.21","0.020","47.7%","9.2","0.3"
"[object Object]","2025","Foyesade Oluokun","Jaguars","LB","981","321","15.88","0.049","5.25","0.016","47.0%","7.7","0.2"
"[object Object]","2025","Nate Landman","Rams","LB","967","395","15.87","0.040","3.28","0.008","44.1%","6.3","0.2"
"[object Object]","2025","Kyle Hamilton","Ravens","S","962","339","15.82","0.047","5.23","0.015","42.2%","4.6","0.1"
"[object Object]","2025","Minkah Fitzpatrick","Dolphins","S","804","348","15.70","0.045","4.19","0.012","44.5%","3.5","0.1"
"[object Object]","2025","Antoine Winfield Jr.","Buccaneers","S","994","351","15.69","0.045","3.77","0.011","41.0%","3.1","0.1"
"[object Object]","2025","Ronnie Hickman","Browns","S","999","445","15.68","0.035","1.00","0.002","42.0%","0.2","0.0"
"[object Object]","2025","Jalen Ramsey","Steelers","CB","1056","412","15.68","0.038","2.92","0.007","46.8%","2.4","0.1"
"[object Object]","2025","BJ Hill","Bengals","DT","646","313","15.66","0.050","5.71","0.018","52.1%","8.7","0.3"
"[object Object]","2025","Bobby Okereke","Giants","LB","1043","428","15.62","0.036","2.19","0.005","50.5%","5.4","0.2"
"[object Object]","2025","Dax Hill","Bengals","CB","973","399","15.52","0.039","2.61","0.007","51.4%","2.1","0.1"
"[object Object]","2025","Bryan Cook","Chiefs","S","825","349","15.43","0.044","3.90","0.011","45.3%","3.3","0.1"
"[object Object]","2025","Jalen Redmond","Vikings","DT","760","404","15.35","0.038","1.88","0.005","47.5%","5.9","0.2"
"[object Object]","2025","Eric Wilson","Vikings","LB","924","469","15.21","0.032","-0.47","-0.001","48.8%","3.2","0.1"
"[object Object]","2025","Nick Bolton","Chiefs","LB","965","401","15.18","0.038","1.91","0.005","45.1%","4.9","0.2"
"[object Object]","2025","Renardo Green","49ers","CB","774","303","15.03","0.050","4.95","0.016","53.1%","4.6","0.1"
"[object Object]","2025","Jessie Bates III","Falcons","S","1040","417","14.97","0.036","1.48","0.004","49.9%","0.7","0.0"
"[object Object]","2025","Christian Gonzalez","Patriots","CB","734","285","14.97","0.053","5.08","0.018","51.2%","4.7","0.1"
"[object Object]","2025","Evan Williams","Packers","S","854","336","14.95","0.044","3.99","0.012","47.9%","3.4","0.1"
"[object Object]","2025","Jaylinn Hawkins","Patriots","S","799","319","14.94","0.047","4.16","0.013","48.9%","3.6","0.1"
"[object Object]","2025","Xavier Watts","Falcons","S","1043","420","14.73","0.035","1.15","0.003","49.8%","0.4","0.0"
"[object Object]","2025","Carlton Davis III","Patriots","CB","882","344","14.72","0.043","2.78","0.008","47.4%","2.3","0.1"
"[object Object]","2025","Nick Scott","Panthers","S","997","435","14.52","0.033","0.37","0.001","45.3%","-0.4","-0.0"
"[object Object]","2025","Nick Cross","Colts","S","1064","403","14.46","0.036","2.13","0.005","46.9%","1.4","0.0"
"[object Object]","2025","Zyon McCollum","Buccaneers","CB","732","263","14.32","0.054","5.41","0.021","41.4%","5.1","0.2"
"[object Object]","2025","Devin White","Raiders","LB","1066","477","14.23","0.030","-0.70","-0.001","46.1%","2.9","0.1"
"[object Object]","2025","Jaelan Phillips","2 teams","LB","789","328","14.21","0.043","3.81","0.012","41.2%","6.3","0.2"
"[object Object]","2025","Quan Martin","Commanders","S","882","357","14.20","0.040","2.94","0.008","50.4%","2.3","0.1"
"[object Object]","2025","Jaquan Brisker","Bears","S","1024","430","14.09","0.033","-0.44","-0.001","47.9%","-1.2","-0.0"
"[object Object]","2025","Jordan Poyer","Bills","S","410","222","14.08","0.063","6.43","0.029","52.7%","6.0","0.2"
"[object Object]","2025","Tykee Smith","Buccaneers","S","855","275","14.05","0.051","4.61","0.017","41.5%","4.1","0.1"
"[object Object]","2025","Jaylen Watson","Chiefs","CB","827","336","14.00","0.042","2.71","0.008","44.6%","2.3","0.1"
"[object Object]","2025","Cole Bishop","Bills","S","868","387","13.91","0.036","0.29","0.001","50.6%","-0.4","-0.0"
"[object Object]","2025","Mike Jackson","Panthers","CB","1000","440","13.91","0.032","-0.42","-0.001","45.7%","-1.0","-0.0"
"[object Object]","2025","Roquan Smith","Ravens","LB","914","315","13.59","0.043","3.88","0.012","41.6%","6.3","0.2"
"[object Object]","2025","Keisean Nixon","Packers","CB","962","400","13.52","0.034","0.76","0.002","48.8%","0.2","0.0"
"[object Object]","2025","Andrew Wingard","Jaguars","S","910","293","13.51","0.046","3.88","0.013","47.4%","3.3","0.1"
"[object Object]","2025","Craig Woodson","Patriots","S","906","350","13.51","0.039","1.34","0.004","48.3%","0.7","0.0"
"[object Object]","2025","Alohi Gilman","2 teams","S","976","330","13.50","0.041","2.65","0.008","39.1%","2.0","0.1"
"[object Object]","2025","Elandon Roberts","Raiders","LB","631","361","13.24","0.037","2.04","0.006","45.7%","4.8","0.1"
"[object Object]","2025","Dallas Turner","Vikings","LB","675","313","13.14","0.042","2.80","0.009","51.1%","5.2","0.2"
"[object Object]","2025","Grover Stewart","Colts","DT","660","318","12.99","0.041","3.03","0.010","47.8%","6.2","0.2"
"[object Object]","2025","Robert Spillane","Patriots","LB","702","250","12.84","0.051","4.07","0.016","47.2%","6.0","0.2"
"[object Object]","2025","Isaiah Pola-Mao","Raiders","S","1028","461","12.83","0.028","-1.82","-0.004","47.1%","-2.7","-0.1"
"[object Object]","2025","Camryn Bynum","Colts","S","1056","399","12.82","0.032","0.62","0.002","46.6%","-0.1","-0.0"
"[object Object]","2025","Geno Stone","Bengals","S","975","404","12.77","0.032","-0.12","-0.000","51.0%","-0.9","-0.0"
"[object Object]","2025","Kool-Aid McKinstry","Saints","CB","1030","464","12.77","0.028","-1.92","-0.004","45.3%","-2.5","-0.1"
"[object Object]","2025","Paulson Adebo","Giants","CB","717","290","12.75","0.044","3.74","0.013","47.2%","3.4","0.1"
"[object Object]","2025","Donovan Wilson","Cowboys","S","868","333","12.71","0.038","2.15","0.006","47.7%","1.6","0.0"
"[object Object]","2025","Isaiah Rodgers","Vikings","CB","924","429","12.66","0.030","-1.81","-0.004","49.7%","-2.4","-0.1"
"[object Object]","2025","Harrison Phillips","Jets","DT","664","342","12.53","0.037","1.73","0.005","45.6%","5.1","0.2"
"[object Object]","2025","Grant Delpit","Browns","S","973","422","12.52","0.030","-1.73","-0.004","42.2%","-2.5","-0.1"
"[object Object]","2025","Will Anderson Jr.","Texans","DE","656","215","12.49","0.058","5.18","0.024","41.4%","7.4","0.2"
"[object Object]","2025","Jalen Thompson","Cardinals","S","934","377","12.45","0.033","1.01","0.003","47.2%","0.3","0.0"
"[object Object]","2025","Jevon Holland","Giants","S","787","310","12.40","0.040","2.76","0.009","48.1%","2.2","0.1"
"[object Object]","2025","Lavonte David","Buccaneers","LB","979","350","12.20","0.035","0.34","0.001","41.4%","3.0","0.1"
"[object Object]","2025","Zack Baun","Eagles","LB","999","401","12.06","0.030","-0.45","-0.001","49.1%","2.7","0.1"
"[object Object]","2025","A'Shawn Robinson","Panthers","DT","637","302","11.92","0.039","1.99","0.007","45.0%","4.9","0.2"
"[object Object]","2025","Brandon Jones","Broncos","S","817","272","11.69","0.043","2.98","0.011","42.6%","2.5","0.1"
"[object Object]","2025","Drue Tranquill","Chiefs","LB","847","378","11.67","0.031","-0.83","-0.002","45.0%","2.0","0.1"
"[object Object]","2025","Trent McDuffie","Chiefs","CB","657","255","11.57","0.045","2.71","0.011","46.3%","2.4","0.1"
"[object Object]","2025","Tyler Nubin","Giants","S","765","306","11.49","0.038","2.31","0.008","51.0%","1.8","0.1"
"[object Object]","2025","Devon Witherspoon","Seahawks","CB","691","247","11.46","0.046","3.32","0.013","39.3%","3.0","0.1"
"[object Object]","2025","Leonard Williams","Seahawks","DT","771","256","11.43","0.045","3.24","0.013","39.8%","5.8","0.2"
"[object Object]","2025","Derwin James Jr.","Chargers","S","848","326","11.30","0.035","0.09","0.000","44.8%","-0.5","-0.0"
"[object Object]","2025","Josh Metellus","Vikings","S","833","384","11.16","0.029","-1.32","-0.003","49.7%","-2.0","-0.1"
"[object Object]","2025","Carl Granderson","Saints","DE","724","313","11.12","0.036","0.95","0.003","46.0%","4.3","0.1"
"[object Object]","2025","Isaiah McDuffie","Packers","LB","484","265","11.10","0.042","2.53","0.010","48.7%","4.6","0.1"
"[object Object]","2025","Jonas Sanker","Saints","S","938","436","11.07","0.025","-2.75","-0.006","46.1%","-3.5","-0.1"
"[object Object]","2025","Ji'Ayir Brown","49ers","S","759","292","11.05","0.038","1.42","0.005","52.4%","0.9","0.0"
"[object Object]","2025","Nate Wiggins","Ravens","CB","984","330","10.97","0.033","0.50","0.002","43.0%","0.1","0.0"
"[object Object]","2025","Deommodore Lenoir","49ers","CB","1011","391","10.77","0.028","-2.08","-0.005","50.9%","-2.6","-0.1"
"[object Object]","2025","Ernest Jones IV","Seahawks","LB","861","309","10.60","0.034","0.59","0.002","40.5%","3.0","0.1"
"[object Object]","2025","Jared Verse","Rams","LB","818","313","10.53","0.034","0.60","0.002","45.7%","3.0","0.1"
"[object Object]","2025","Alontae Taylor","Saints","CB","1015","458","10.39","0.023","-4.14","-0.009","45.2%","-4.7","-0.1"
"[object Object]","2025","Amani Hooker","Titans","S","877","360","10.38","0.029","-1.59","-0.004","47.5%","-2.2","-0.1"
"[object Object]","2025","Jalen Pitre","Texans","S","714","260","10.21","0.039","1.07","0.004","40.4%","0.6","0.0"
"[object Object]","2025","Calen Bullock","Texans","S","940","343","10.21","0.030","-1.66","-0.005","40.8%","-2.3","-0.1"
"[object Object]","2025","Budda Baker","Cardinals","S","992","410","10.19","0.025","-2.39","-0.006","45.6%","-3.1","-0.1"
"[object Object]","2025","Justin Reid","Saints","S","795","364","9.97","0.027","-1.58","-0.004","44.2%","-2.2","-0.1"
"[object Object]","2025","Malik Mustapha","49ers","S","663","251","9.95","0.040","1.76","0.007","51.4%","1.3","0.0"
"[object Object]","2025","Marlon Humphrey","Ravens","CB","844","294","9.93","0.034","0.79","0.003","41.8%","0.4","0.0"
"[object Object]","2025","Cooper DeJean","Eagles","CB","998","400","9.86","0.025","-2.61","-0.007","49.0%","-3.1","-0.1"
"[object Object]","2025","Upton Stout","49ers","CB","563","163","9.85","0.060","4.47","0.027","49.1%","4.3","0.1"
"[object Object]","2025","Mekhi Blackmon","Colts","CB","748","258","9.76","0.038","1.76","0.007","46.9%","1.4","0.0"
"[object Object]","2025","Quentin Lake","Rams","S","602","229","9.75","0.043","2.55","0.011","44.5%","2.1","0.1"
"[object Object]","2025","Alex Singleton","Broncos","LB","975","346","9.67","0.028","-1.50","-0.004","41.3%","1.2","0.0"
"[object Object]","2025","Azeez Al-Shaair","Texans","LB","873","310","9.67","0.031","-0.91","-0.003","41.6%","1.5","0.0"
"[object Object]","2025","Jacob Parrish","Buccaneers","CB","717","220","9.53","0.043","2.03","0.009","43.6%","1.8","0.1"
"[object Object]","2025","Tre'von Moehrig","Panthers","S","950","417","9.50","0.023","-4.06","-0.010","44.4%","-4.8","-0.1"
"[object Object]","2025","Edgerrin Cooper","Packers","LB","991","416","9.47","0.023","-3.95","-0.009","49.3%","-0.7","-0.0"
"[object Object]","2025","Javon Bullard","Packers","S","693","249","9.45","0.038","1.38","0.006","47.8%","0.9","0.0"
"[object Object]","2025","Chamarri Conner","Chiefs","S","975","404","9.36","0.023","-4.02","-0.010","45.3%","-4.7","-0.1"
"[object Object]","2025","Malaki Starks","Ravens","S","1022","352","9.23","0.026","-1.64","-0.005","43.2%","-2.3","-0.1"
"[object Object]","2025","Tatum Bethune","49ers","LB","479","189","9.07","0.048","3.08","0.016","50.8%","4.5","0.1"
"[object Object]","2025","Tyrel Dodson","Dolphins","LB","870","369","9.06","0.025","-3.35","-0.009","47.7%","-0.5","-0.0"
"[object Object]","2025","Rasul Douglas","Dolphins","CB","810","337","9.01","0.027","-2.30","-0.007","46.9%","-2.7","-0.1"
"[object Object]","2025","Riley Moss","Broncos","CB","1027","350","8.77","0.025","-2.62","-0.007","41.4%","-3.1","-0.1"
"[object Object]","2025","Jack Gibbens","Patriots","LB","473","234","8.42","0.036","0.49","0.002","46.2%","2.2","0.1"
"[object Object]","2025","Christian Rozeboom","Panthers","LB","790","375","8.40","0.022","-4.01","-0.011","43.5%","-1.2","-0.0"
"[object Object]","2025","DaRon Bland","Cowboys","CB","701","269","8.37","0.031","0.01","0.000","49.8%","-0.3","-0.0"
"[object Object]","2025","Drake Thomas","Seahawks","LB","726","257","8.35","0.032","-0.07","-0.000","40.5%","1.9","0.1"
"[object Object]","2025","Andru Phillips","Giants","CB","687","214","8.32","0.039","1.37","0.006","53.7%","1.1","0.0"
"[object Object]","2025","Akeem Davis-Gaither","Cardinals","LB","742","343","8.26","0.024","-1.82","-0.005","42.3%","0.6","0.0"
"[object Object]","2025","Quay Walker","Packers","LB","849","350","8.20","0.023","-2.80","-0.008","49.7%","-0.1","-0.0"
"[object Object]","2025","Byron Murphy II","Seahawks","DT","752","272","8.10","0.030","-0.78","-0.003","40.4%","1.9","0.1"
"[object Object]","2025","Alex Anzalone","Lions","LB","953","370","8.05","0.022","-3.69","-0.010","46.5%","-0.9","-0.0"
"[object Object]","2025","SirVocea Dennis","Buccaneers","LB","873","306","8.01","0.026","-2.43","-0.008","40.2%","-0.1","-0.0"
"[object Object]","2025","Dadrion Taylor-Demerson","Cardinals","S","426","144","7.75","0.054","3.85","0.027","45.8%","3.6","0.1"
"[object Object]","2025","Terrel Bernard","Bills","LB","601","269","7.69","0.029","-1.51","-0.006","52.4%","0.5","0.0"
"[object Object]","2025","Payton Wilson","Steelers","LB","699","218","7.61","0.035","0.96","0.004","49.5%","2.6","0.1"
"[object Object]","2025","Mike Sainristil","Commanders","CB","976","405","7.61","0.019","-4.84","-0.012","51.9%","-5.4","-0.2"
"[object Object]","2025","Ashtyn Davis","Dolphins","S","681","283","7.60","0.027","-1.79","-0.006","48.1%","-2.3","-0.1"
"[object Object]","2025","C.J. Gardner-Johnson","2 teams","S","734","289","7.41","0.026","-1.87","-0.006","49.8%","-2.4","-0.1"
"[object Object]","2025","Josh Jobe","Seahawks","CB","770","246","7.35","0.030","-0.42","-0.002","34.6%","-0.7","-0.0"
"[object Object]","2025","Teddye Buchanan","Ravens","LB","625","283","7.33","0.026","-1.77","-0.006","44.5%","0.4","0.0"
"[object Object]","2025","T.J. Watt","Steelers","DE","776","297","7.21","0.024","-1.84","-0.006","50.2%","1.3","0.0"
"[object Object]","2025","Trenton Simpson","Ravens","LB","392","156","7.20","0.046","2.69","0.017","38.5%","3.8","0.1"
"[object Object]","2025","Jeremy Reaves","Commanders","S","675","292","7.18","0.025","-1.78","-0.006","50.0%","-2.3","-0.1"
"[object Object]","2025","Daiyan Henley","Chargers","LB","879","331","7.16","0.022","-4.25","-0.013","44.4%","-1.7","-0.1"
"[object Object]","2025","Myles Garrett","Browns","DE","834","360","7.16","0.020","-5.02","-0.014","43.1%","-1.2","-0.0"
"[object Object]","2025","Demetrius Knight Jr.","Bengals","LB","766","322","6.90","0.021","-3.51","-0.011","49.4%","-1.1","-0.0"
"[object Object]","2025","Ty Okada","Seahawks","S","701","225","6.88","0.031","-0.76","-0.003","42.2%","-1.2","-0.0"
"[object Object]","2025","Kamren Kinchens","Rams","S","801","253","6.84","0.027","-1.22","-0.005","42.7%","-1.7","-0.1"
"[object Object]","2025","Kenny Moore II","Colts","CB","685","228","6.83","0.030","-0.38","-0.002","48.2%","-0.7","-0.0"
"[object Object]","2025","Harrison Smith","Vikings","S","761","352","6.80","0.019","-5.02","-0.014","48.0%","-5.7","-0.2"
"[object Object]","2025","Matt Milano","Bills","LB","476","255","6.66","0.026","-2.58","-0.010","51.0%","-0.6","-0.0"
"[object Object]","2025","T.J. Edwards","Bears","LB","546","229","6.54","0.029","-0.93","-0.004","45.0%","0.8","0.0"
"[object Object]","2025","Henry To'o To'o","Texans","LB","776","306","6.28","0.021","-4.30","-0.014","43.5%","-1.9","-0.1"
"[object Object]","2025","Dee Alford","Falcons","CB","552","184","6.23","0.034","0.06","0.000","52.7%","-0.2","-0.0"
"[object Object]","2025","Noah Sewell","Bears","LB","388","178","6.22","0.035","-0.01","-0.000","49.4%","1.4","0.0"
"[object Object]","2025","Christian Elliss","Patriots","LB","481","193","6.20","0.032","-0.50","-0.003","51.8%","1.0","0.0"
"[object Object]","2025","Coby Bryant","Seahawks","S","924","327","6.01","0.018","-4.30","-0.013","39.4%","-4.9","-0.2"
"[object Object]","2025","Jihaad Campbell","Eagles","LB","676","283","5.89","0.021","-3.17","-0.011","45.6%","-1.0","-0.0"
"[object Object]","2025","Tony Jefferson","Chargers","S","469","164","5.73","0.035","0.23","0.001","46.3%","-0.1","-0.0"
"[object Object]","2025","Marcus Jones","Patriots","CB","686","219","5.68","0.026","-1.83","-0.008","47.0%","-2.1","-0.1"
"[object Object]","2025","Adoree' Jackson","Eagles","CB","568","209","5.46","0.026","-1.07","-0.005","46.9%","-1.3","-0.0"
"[object Object]","2025","Pete Werner","Saints","LB","658","294","5.36","0.018","-4.03","-0.014","44.6%","-1.8","-0.1"
"[object Object]","2025","Divine Deablo","Falcons","LB","712","265","5.18","0.020","-4.02","-0.015","49.1%","-2.0","-0.1"
"[object Object]","2025","Reddy Steward","Cowboys","CB","496","180","5.15","0.029","-0.88","-0.005","50.6%","-1.1","-0.0"
"[object Object]","2025","Nick Emmanwori","Seahawks","S","726","238","5.01","0.021","-2.94","-0.012","40.3%","-3.4","-0.1"
"[object Object]","2025","Barrett Carter","Bengals","LB","759","333","4.49","0.013","-6.36","-0.019","50.8%","-3.9","-0.1"
"[object Object]","2025","Derrick Barnes","Lions","LB","900","382","4.44","0.012","-7.92","-0.021","44.5%","-5.1","-0.2"
"[object Object]","2025","Quincy Williams","Jets","LB","745","342","4.41","0.013","-6.04","-0.018","47.1%","-3.5","-0.1"
"[object Object]","2025","Taron Johnson","Bills","CB","547","191","4.29","0.022","-2.32","-0.012","53.9%","-2.6","-0.1"
"[object Object]","2025","Chau Smith-Wade","Panthers","CB","598","215","3.82","0.018","-3.10","-0.014","49.8%","-3.4","-0.1"
"[object Object]","2025","Brian Burns","Giants","LB","820","307","3.70","0.012","-6.34","-0.021","53.7%","-4.0","-0.1"
"[object Object]","2025","Nakobe Dean","Eagles","LB","390","156","3.43","0.022","-1.22","-0.008","48.1%","-0.0","-0.0"
"[object Object]","2025","Kyle Dugger","2 teams","S","703","261","3.19","0.012","-5.54","-0.021","44.8%","-6.0","-0.2"
"[object Object]","2025","Ja'Quan McMillian","Broncos","CB","698","164","3.05","0.019","-2.25","-0.014","45.7%","-2.5","-0.1"
"[object Object]","2025","Kaden Elliss","Falcons","LB","1052","425","3.02","0.007","-10.77","-0.025","49.9%","-7.5","-0.2"
"[object Object]","2025","Devin Lloyd","Jaguars","LB","671","243","2.85","0.012","-5.30","-0.022","46.5%","-3.4","-0.1"
"[object Object]","2025","Omar Speights","Rams","LB","640","308","2.72","0.009","-7.30","-0.024","41.6%","-4.9","-0.2"
"[object Object]","2025","Mack Wilson Sr.","Cardinals","LB","495","175","2.09","0.012","-3.28","-0.019","42.9%","-2.0","-0.1"
"[object Object]","2025","Shemar James","Cowboys","LB","509","205","1.68","0.008","-4.78","-0.023","52.7%","-3.3","-0.1"
"[object Object]","2025","Frankie Luvu","Commanders","LB","1056","449","1.29","0.003","-12.74","-0.028","51.4%","-9.3","-0.3"
"[object Object]","2025","Kenneth Murray Jr.","Cowboys","LB","827","331","1.19","0.004","-9.17","-0.028","48.6%","-6.7","-0.2"
"[object Object]","2025","Dee Winters","49ers","LB","942","354","1.11","0.003","-10.80","-0.031","51.4%","-8.1","-0.3"
"[object Object]","2025","Patrick Queen","Steelers","LB","1061","392","1.01","0.003","-11.22","-0.029","46.7%","-8.2","-0.3"
"[object Object]","2025","Zaire Franklin","Colts","LB","1065","403","0.96","0.002","-11.36","-0.028","46.9%","-8.3","-0.3"
"[object Object]","2025","Logan Wilson","2 teams","LB","559","232","0.92","0.004","-6.36","-0.027","51.3%","-4.6","-0.1"
"[object Object]","2025","Cody Simon","Cardinals","LB","541","260","0.14","0.001","-7.38","-0.028","49.2%","-5.5","-0.2"
"[object Object]","2025","Cody Barton","Titans","LB","1009","413","-1.96","-0.005","-15.58","-0.038","46.5%","-12.5","-0.4"
"[object Object]","2025","Trevin Wallace","Panthers","LB","597","246","-2.54","-0.010","-10.92","-0.044","46.3%","-9.1","-0.3"