"Rank","Season","Player","Team","Games","Att","Yds","YAContact","TDs","Brkn Tkls","Missed Tkls","1st Downs","Fum","Fum Lost","Hit at Line","Stuffs","Used Designed Gap"
"[object Object]","2025","Josh Allen","Bills","16","112","579","329","14","12","12","46","1","1","52","27","105"
"[object Object]","2025","Justin Herbert","Chargers","16","83","498","224","2","2","9","34","2","0","39","15","83"
"[object Object]","2025","Jaxson Dart","Giants","14","86","487","185","9","4","6","38","2","1","33","14","77"
"[object Object]","2025","Drake Maye","Patriots","17","103","450","227","4","4","7","38","1","0","44","28","101"
"[object Object]","2025","Patrick Mahomes","Chiefs","14","64","422","161","5","6","4","27","0","0","18","10","62"
"[object Object]","2025","Jalen Hurts","Eagles","16","105","421","169","8","2","9","40","3","2","51","28","98"
"[object Object]","2025","Justin Fields","Jets","9","71","383","110","4","3","8","26","1","1","22","11","67"
"[object Object]","2025","Caleb Williams","Bears","17","77","383","127","3","9","5","28","1","0","30","22","75"
"[object Object]","2025","Baker Mayfield","Buccaneers","14","55","382","279","1","7","13","27","0","0","29","10","54"
"[object Object]","2025","Trevor Lawrence","Jaguars","17","82","359","261","9","4","9","40","1","1","36","14","80"
"[object Object]","2025","Bo Nix","Broncos","17","83","356","127","5","0","8","25","2","1","34","25","79"
"[object Object]","2025","Lamar Jackson","Ravens","13","67","349","186","2","7","8","24","0","0","28","14","61"
"[object Object]","2025","Marcus Mariota","Commanders","10","50","297","104","1","2","4","12","3","2","25","15","47"
"[object Object]","2025","Jayden Daniels","Commanders","7","58","278","177","2","8","11","14","0","0","27","11","49"
"[object Object]","2025","Bryce Young","Panthers","16","54","216","83","2","1","7","16","1","1","25","18","54"
"[object Object]","2025","C.J. Stroud","Texans","14","48","209","36","1","1","6","18","0","0","18","13","48"
"[object Object]","2025","Jordan Love","Packers","15","47","199","126","0","2","4","14","1","0","24","15","44"
"[object Object]","2025","Tyler Shough","Saints","10","45","186","117","3","3","4","11","0","0","22","13","44"
"[object Object]","2025","J.J. McCarthy","Vikings","9","37","181","137","4","2","4","12","0","0","21","13","33"
"[object Object]","2025","Dak Prescott","Cowboys","16","53","177","119","2","4","4","15","0","0","35","21","52"
"[object Object]","2025","Kyler Murray","Cardinals","5","29","173","100","1","1","5","10","0","0","14","4","23"
"[object Object]","2025","Shedeur Sanders","Browns","8","21","169","132","1","1","7","7","0","0","10","2","21"
"[object Object]","2025","Jacoby Brissett","Cardinals","12","38","168","129","1","0","5","16","0","0","17","7","38"
"[object Object]","2025","Spencer Rattler","Saints","8","31","167","123","0","5","4","17","1","1","13","3","25"
"[object Object]","2025","Daniel Jones","Colts","13","45","164","91","5","0","3","19","1","0","24","9","45"
"[object Object]","2025","Cam Ward","Titans","14","39","159","106","2","3","6","15","0","0","19","9","36"
"[object Object]","2025","Tyler Huntley","Ravens","5","24","151","38","0","0","1","11","0","0","10","8","23"
"[object Object]","2025","Brock Purdy","49ers","9","33","147","76","3","2","4","16","0","0","11","5","32"
"[object Object]","2025","Tyrod Taylor","Jets","5","27","143","103","1","6","3","10","0","0","15","3","26"
"[object Object]","2025","Malik Willis","Packers","4","22","123","66","2","3","2","9","0","0","13","7","19"
"[object Object]","2025","Geno Smith","Raiders","14","41","109","130","0","0","3","13","0","0","25","15","41"
"[object Object]","2025","Russell Wilson","Giants","4","18","106","33","0","0","0","6","1","0","6","1","16"
"[object Object]","2025","Sam Darnold","Seahawks","12","35","95","49","0","0","3","10","1","0","21","17","35"
"[object Object]","2025","Dillon Gabriel","Browns","5","14","86","28","0","1","0","4","0","0","5","2","14"
"[object Object]","2025","Trey Lance","Chargers","4","17","85","96","0","3","3","5","0","0","12","4","16"
"[object Object]","2025","Michael Penix Jr.","Falcons","9","21","70","25","1","0","1","5","0","0","10","8","21"
"[object Object]","2025","Aaron Rodgers","Steelers","13","21","61","20","1","0","0","4","1","0","11","9","21"
"[object Object]","2025","Mac Jones","49ers","11","36","60","21","0","0","2","11","1","0","20","17","36"
"[object Object]","2025","Davis Mills","Texans","6","13","60","13","1","0","0","2","0","0","5","5","13"
"[object Object]","2025","Carson Wentz","Vikings","4","11","57","71","0","0","3","3","0","0","8","2","11"
"[object Object]","2025","Josh Johnson","Commanders","3","12","55","30","1","0","2","4","0","0","5","3","12"
"[object Object]","2025","Joe Milton III","Cowboys","2","5","50","18","0","1","0","1","1","1","0","0","5"
"[object Object]","2025","Brady Cook","Jets","5","13","49","22","0","0","3","4","0","0","7","3","13"
"[object Object]","2025","Jared Goff","Lions","11","19","45","2","0","0","0","5","0","0","11","11","19"
"[object Object]","2025","Tua Tagovailoa","Dolphins","11","20","43","3","0","0","0","1","0","0","9","8","20"
"[object Object]","2025","Joe Burrow","Bengals","6","14","41","18","0","0","0","5","0","0","4","1","14"
"[object Object]","2025","Jake Browning","Bengals","4","9","39","14","1","1","0","5","0","0","3","1","9"
"[object Object]","2025","Joe Flacco","2 teams","10","21","35","29","1","1","0","9","0","0","14","11","21"
"[object Object]","2025","Riley Leonard","Colts","3","6","27","4","2","1","1","4","0","0","3","1","5"
"[object Object]","2025","Jameis Winston","Giants","2","7","23","14","1","0","0","3","0","0","5","2","6"
"[object Object]","2025","Clayton Tune","Packers","2","5","23","14","0","0","1","2","0","0","2","2","5"
"[object Object]","2025","Kenny Pickett","Raiders","4","5","22","8","0","1","0","3","0","0","2","2","5"
"[object Object]","2025","Quinn Ewers","Dolphins","4","8","19","8","0","1","0","1","0","0","5","5","8"
"[object Object]","2025","Chris Oladokun","Chiefs","3","5","18","4","0","0","1","0","1","1","1","1","5"
"[object Object]","2025","Max Brosmer","Vikings","4","7","11","0","0","0","0","1","0","0","5","5","6"
"[object Object]","2025","Tanner McKee","Eagles","4","8","8","11","0","0","0","1","0","0","7","5","8"
"[object Object]","2025","Aidan O'Connell","Raiders","1","1","7","13","0","0","0","0","0","0","1","0","1"
"[object Object]","2025","Tyson Bagent","Bears","1","2","7","0","0","0","0","0","0","0","1","1","2"
"[object Object]","2025","Kirk Cousins","Falcons","6","14","7","8","1","0","0","4","0","0","10","7","14"
"[object Object]","2025","Mason Rudolph","Steelers","3","7","6","8","0","0","2","2","0","0","6","4","7"
"[object Object]","2025","Mitch Trubisky","Bills","3","9","6","5","0","0","2","0","0","0","7","7","9"
"[object Object]","2025","Teddy Bridgewater","Buccaneers","3","3","4","15","0","0","0","0","0","0","3","2","3"
"[object Object]","2025","Shane Buechele","Chiefs","1","1","4","0","0","0","0","0","0","0","0","0","1"
"[object Object]","2025","Jalen Milroe","Seahawks","3","3","4","3","0","0","0","0","0","0","2","1","2"
"[object Object]","2025","Gardner Minshew","Chiefs","3","6","2","4","0","0","0","0","0","0","5","5","6"
"[object Object]","2025","Matthew Stafford","Rams","12","29","1","5","0","0","1","0","0","0","23","22","29"
"[object Object]","2025","Zach Wilson","Dolphins","2","3","1","0","0","0","0","0","0","0","2","2","3"
"[object Object]","2025","Adrian Martinez","49ers","1","1","-1","0","0","0","0","0","0","0","1","1","1"
"[object Object]","2025","Anthony Richardson Sr.","Colts","1","4","-1","1","0","0","0","1","0","0","3","3","4"
"[object Object]","2025","Jarrett Stidham","Broncos","1","1","-1","0","0","0","0","0","0","0","1","1","1"
"[object Object]","2025","Andy Dalton","Panthers","3","5","-2","0","0","0","0","0","1","1","4","4","5"
"[object Object]","2025","Kyle Allen","Lions","2","3","-3","0","0","0","0","0","0","0","3","3","3"
"[object Object]","2025","Cooper Rush","Ravens","2","4","-4","0","0","0","0","0","0","0","4","4","4"
"[object Object]","2025","Joshua Dobbs","Patriots","4","10","-5","8","0","1","0","0","0","0","10","9","10"
"[object Object]","2025","Drew Lock","Seahawks","3","6","-5","0","0","0","0","0","0","0","6","6","6"
"[object Object]","2025","Philip Rivers","Colts","2","2","-6","0","0","0","0","0","0","0","2","2","2"
"[object Object]","2025","Nick Mullens","Jaguars","4","12","-8","0","0","0","0","0","0","0","12","12","12"
"[object Object]","2025","Jimmy Garoppolo","Rams","3","9","-10","0","0","0","0","0","0","0","9","9","9"