"Rank","Season","Player","Team","Pos.","Pass Snaps","Pass Rushes","Points Saved","PS Per Rush","Points Above Avg","Positive%","PAR","WAR"
"[object Object]","2025","Aidan Hutchinson","Lions","DE","577","567","60.7","0.107","0.07","40.0%","50.6","1.6"
"[object Object]","2025","Will Anderson Jr.","Texans","DE","439","436","51.7","0.119","0.08","39.0%","42.6","1.3"
"[object Object]","2025","Myles Garrett","Browns","DE","474","473","47.8","0.101","0.07","43.0%","38.5","1.2"
"[object Object]","2025","Danielle Hunter","Texans","DE","467","464","42.8","0.092","0.06","38.0%","32.8","1.0"
"[object Object]","2025","Jeffery Simmons","Titans","DT","437","431","41.7","0.097","0.06","49.0%","33.2","1.0"
"[object Object]","2025","Brian Burns","Giants","LB","509","432","38.9","0.090","0.06","40.0%","30.0","0.9"
"[object Object]","2025","Chase Young","Saints","DE","300","264","36.5","0.138","0.11","34.0%","31.6","1.0"
"[object Object]","2025","Micah Parsons","Packers","DE","410","400","35.1","0.088","0.05","44.0%","27.5","0.8"
"[object Object]","2025","Josh Sweat","Cardinals","LB","353","337","32.5","0.096","0.06","48.0%","25.8","0.8"
"[object Object]","2025","Nik Bonitto","Broncos","LB","454","387","30.1","0.078","0.04","30.0%","22.1","0.7"
"[object Object]","2025","Chris Jones","Chiefs","DT","459","458","28.9","0.063","0.03","48.0%","19.6","0.6"
"[object Object]","2025","Josh Hines-Allen","Jaguars","DE","557","514","26.7","0.052","0.02","39.0%","18.4","0.6"
"[object Object]","2025","Nick Herbig","Steelers","LB","379","322","26.4","0.082","0.05","40.0%","20.6","0.6"
"[object Object]","2025","Dallas Turner","Vikings","LB","362","267","26.1","0.098","0.06","31.0%","20.3","0.6"
"[object Object]","2025","Jared Verse","Rams","LB","501","486","25.5","0.053","0.02","43.0%","15.7","0.5"
"[object Object]","2025","Laiatu Latu","Colts","DE","479","412","24.8","0.060","0.03","42.0%","18.3","0.6"
"[object Object]","2025","Yaya Diaby","Buccaneers","LB","489","419","24.5","0.059","0.02","44.0%","15.1","0.5"
"[object Object]","2025","Joey Bosa","Bills","DE","329","313","24.0","0.077","0.04","38.0%","17.6","0.5"
"[object Object]","2025","K'Lavon Chaisson","Patriots","DE","386","363","23.9","0.066","0.03","40.0%","16.0","0.5"
"[object Object]","2025","Jaelan Phillips","2 teams","LB","459","388","23.3","0.060","0.03","38.0%","15.1","0.5"
"[object Object]","2025","Zach Allen","Broncos","DE","521","515","22.2","0.043","0.01","38.0%","12.4","0.4"
"[object Object]","2025","Tuli Tuipulotu","Chargers","LB","426","383","21.9","0.057","0.02","38.0%","12.8","0.4"
"[object Object]","2025","T.J. Watt","Steelers","DE","478","423","21.9","0.052","0.02","43.0%","15.2","0.5"
"[object Object]","2025","Greg Rousseau","Bills","DE","372","349","21.8","0.062","0.03","43.0%","14.2","0.4"
"[object Object]","2025","Byron Young","Rams","LB","504","379","21.8","0.058","0.03","32.0%","14.4","0.4"
"[object Object]","2025","George Karlaftis","Chiefs","DE","442","430","20.9","0.049","0.01","48.0%","11.8","0.4"
"[object Object]","2025","Andrew Van Ginkel","Vikings","LB","286","157","20.9","0.133","0.10","20.0%","17.6","0.5"
"[object Object]","2025","Montez Sweat","Bears","DE","447","425","20.8","0.049","0.01","46.0%","12.5","0.4"
"[object Object]","2025","Jadeveon Clowney","Cowboys","DE","209","204","20.5","0.100","0.07","50.0%","16.5","0.5"
"[object Object]","2025","Abdul Carter","Giants","LB","494","464","20.0","0.043","0.01","44.0%","10.2","0.3"
"[object Object]","2025","Dre'Mont Jones","2 teams","DE","500","479","19.7","0.041","0.01","45.0%","10.5","0.3"
"[object Object]","2025","DeMarcus Lawrence","Seahawks","LB","390","370","19.6","0.053","0.02","39.0%","13.0","0.4"
"[object Object]","2025","Rashan Gary","Packers","DE","395","384","18.8","0.049","0.02","46.0%","11.7","0.4"
"[object Object]","2025","Jalyx Hunt","Eagles","LB","384","321","17.8","0.056","0.02","36.0%","11.4","0.4"
"[object Object]","2025","Moro Ojomo","Eagles","DT","424","420","17.8","0.042","0.01","39.0%","10.5","0.3"
"[object Object]","2025","Maxx Crosby","Raiders","DE","487","471","17.5","0.037","0.00","49.0%","9.4","0.3"
"[object Object]","2025","Al-Quadin Muhammad","Lions","LB","335","318","17.5","0.055","0.02","33.0%","11.1","0.3"
"[object Object]","2025","Alex Highsmith","Steelers","LB","365","302","17.4","0.058","0.03","41.0%","11.6","0.4"
"[object Object]","2025","James Pearce Jr.","Falcons","LB","365","326","17.3","0.053","0.02","40.0%","10.6","0.3"
"[object Object]","2025","Bradley Chubb","Dolphins","LB","428","367","17.1","0.047","0.01","45.0%","9.2","0.3"
"[object Object]","2025","Byron Murphy II","Seahawks","DT","479","471","17.1","0.036","0.00","42.0%","8.7","0.3"
"[object Object]","2025","Kobie Turner","Rams","DE","448","438","17.0","0.039","0.01","44.0%","9.0","0.3"
"[object Object]","2025","Jalen Redmond","Vikings","DT","354","349","16.5","0.047","0.01","41.0%","10.1","0.3"
"[object Object]","2025","Cameron Jordan","Saints","DE","338","315","16.3","0.052","0.02","43.0%","10.5","0.3"
"[object Object]","2025","Bryce Huff","49ers","DE","360","349","16.1","0.046","0.01","47.0%","9.1","0.3"
"[object Object]","2025","Tommy Togiai","Texans","DT","236","235","15.5","0.066","0.03","39.0%","10.7","0.3"
"[object Object]","2025","Gervon Dexter Sr.","Bears","DT","370","367","15.0","0.041","0.01","48.0%","8.0","0.2"
"[object Object]","2025","Jalen Carter","Eagles","DT","380","378","15.0","0.040","0.01","43.0%","9.0","0.3"
"[object Object]","2025","Dexter Lawrence","Giants","DT","441","441","14.8","0.034","0.00","47.0%","7.4","0.2"
"[object Object]","2025","Tyree Wilson","Raiders","DE","287","283","14.7","0.052","0.02","44.0%","10.0","0.3"
"[object Object]","2025","Arik Armstead","Jaguars","DT","441","432","14.4","0.033","-0.00","41.0%","6.6","0.2"
"[object Object]","2025","Odafe Oweh","2 teams","LB","357","329","14.1","0.043","0.01","43.0%","6.9","0.2"
"[object Object]","2025","DeForest Buckner","Colts","DT","305","301","14.1","0.047","0.01","51.0%","9.3","0.3"
"[object Object]","2025","Derrick Brown","Panthers","DT","430","426","14.1","0.033","-0.00","46.0%","5.9","0.2"
"[object Object]","2025","Maliek Collins","Browns","DT","271","270","13.4","0.050","0.01","46.0%","8.2","0.3"
"[object Object]","2025","John Franklin-Myers","Broncos","DE","357","353","13.3","0.038","0.00","36.0%","6.6","0.2"
"[object Object]","2025","Devonte Wyatt","Packers","DT","209","208","13.3","0.064","0.03","44.0%","9.3","0.3"
"[object Object]","2025","Jonathon Cooper","Broncos","LB","441","384","13.2","0.034","0.00","34.0%","5.5","0.2"
"[object Object]","2025","Leonard Williams","Seahawks","DT","514","500","13.1","0.026","-0.01","39.0%","4.1","0.1"
"[object Object]","2025","Myles Murphy","Bengals","DE","374","364","13.0","0.036","0.00","46.0%","5.8","0.2"
"[object Object]","2025","Harold Landry III","Patriots","DE","415","371","13.0","0.035","-0.00","40.0%","4.9","0.2"
"[object Object]","2025","Zaven Collins","Cardinals","LB","322","214","13.0","0.061","0.03","33.0%","8.9","0.3"
"[object Object]","2025","Joseph Ossai","Bengals","DE","385","350","12.8","0.037","0.00","47.0%","7.5","0.2"
"[object Object]","2025","Vita Vea","Buccaneers","DT","482","464","12.6","0.027","-0.01","47.0%","3.5","0.1"
"[object Object]","2025","Will McDonald IV","Jets","DE","377","359","12.4","0.035","0.00","44.0%","5.7","0.2"
"[object Object]","2025","Sheldon Rankins","Texans","DT","384","382","12.4","0.032","-0.00","39.0%","4.7","0.1"
"[object Object]","2025","Uchenna Nwosu","Seahawks","LB","382","335","12.3","0.037","0.00","38.0%","4.6","0.1"
"[object Object]","2025","Osa Odighizuwa","Cowboys","DT","394","388","11.9","0.031","-0.00","50.0%","4.8","0.1"
"[object Object]","2025","Nathan Shepherd","Saints","DT","368","365","11.8","0.032","-0.00","46.0%","5.4","0.2"
"[object Object]","2025","Quinnen Williams","2 teams","DT","378","378","11.7","0.031","-0.00","49.0%","4.2","0.1"
"[object Object]","2025","Christian Barmore","Patriots","DT","400","396","11.7","0.030","-0.01","45.0%","3.5","0.1"
"[object Object]","2025","Travis Jones","Ravens","DT","474","455","11.6","0.025","-0.01","45.0%","3.8","0.1"
"[object Object]","2025","Cedric Johnson","Bengals","DE","137","131","11.4","0.087","0.05","47.0%","8.6","0.3"
"[object Object]","2025","Jowon Briggs","Jets","DT","296","295","11.3","0.038","0.01","48.0%","6.4","0.2"
"[object Object]","2025","Mason Graham","Browns","DT","424","419","11.2","0.027","-0.01","44.0%","3.3","0.1"
"[object Object]","2025","Calais Campbell","Cardinals","DE","320","318","11.1","0.035","0.00","49.0%","5.5","0.2"
"[object Object]","2025","Malcolm Koonce","Raiders","DE","326","304","10.9","0.036","0.00","45.0%","5.3","0.2"
"[object Object]","2025","Elijah Roberts","Buccaneers","DT","315","307","10.8","0.035","0.00","43.0%","5.1","0.2"
"[object Object]","2025","Shelby Harris","Browns","DT","247","246","10.7","0.043","0.01","41.0%","6.1","0.2"
"[object Object]","2025","Anthony Nelson","Buccaneers","DE","226","173","10.5","0.061","0.03","38.0%","7.1","0.2"
"[object Object]","2025","Dante Fowler Jr.","Cowboys","LB","239","229","10.3","0.045","0.01","45.0%","5.7","0.2"
"[object Object]","2025","Jer'Zhan Newton","Commanders","DT","215","212","10.3","0.048","0.02","53.0%","6.9","0.2"
"[object Object]","2025","Charles Omenihu","Chiefs","DE","367","356","10.2","0.029","-0.01","44.0%","2.5","0.1"
"[object Object]","2025","Travon Walker","Jaguars","DE","350","323","10.1","0.031","-0.00","35.0%","4.1","0.1"
"[object Object]","2025","Keeanu Benton","Steelers","DT","420","417","10.1","0.024","-0.01","49.0%","3.4","0.1"
"[object Object]","2025","Derek Barnett","Texans","DE","184","183","10.0","0.054","0.02","42.0%","6.0","0.2"
"[object Object]","2025","Daron Payne","Commanders","DT","347","344","9.9","0.029","-0.00","52.0%","3.9","0.1"
"[object Object]","2025","Trey Hendrickson","Bengals","DE","182","167","9.8","0.058","0.03","48.0%","7.1","0.2"
"[object Object]","2025","Jalon Walker","Falcons","LB","309","256","9.6","0.037","0.00","39.0%","4.4","0.1"
"[object Object]","2025","Eric Wilson","Vikings","LB","454","167","9.5","0.057","0.02","16.0%","5.9","0.2"
"[object Object]","2025","Cameron Heyward","Steelers","DT","476","471","9.3","0.020","-0.01","48.0%","1.8","0.1"
"[object Object]","2025","Milton Williams","Patriots","DE","274","268","9.3","0.035","-0.00","46.0%","3.4","0.1"
"[object Object]","2025","Sebastian Joseph-Day","Titans","DT","216","215","9.3","0.043","0.01","55.0%","5.3","0.2"
"[object Object]","2025","Desjuan Johnson","Rams","DE","69","67","9.2","0.137","0.10","42.0%","7.8","0.2"
"[object Object]","2025","Alim McNeill","Lions","DT","290","287","9.1","0.032","0.00","41.0%","4.5","0.1"
"[object Object]","2025","Derick Hall","Seahawks","LB","259","243","8.7","0.036","0.00","37.0%","3.8","0.1"
"[object Object]","2025","Bryan Bresee","Saints","DT","351","349","8.7","0.025","-0.01","44.0%","2.4","0.1"
"[object Object]","2025","Alex Wright","Browns","DE","259","244","8.7","0.036","0.00","40.0%","3.8","0.1"
"[object Object]","2025","A'Shawn Robinson","Panthers","DT","333","331","8.4","0.025","-0.01","48.0%","2.1","0.1"
"[object Object]","2025","Jacob Martin","Commanders","DE","403","380","8.2","0.022","-0.01","47.0%","1.3","0.0"
"[object Object]","2025","Braden Fiske","Rams","DE","343","340","8.2","0.024","-0.01","43.0%","2.1","0.1"
"[object Object]","2025","Jaylen Harrell","Titans","LB","213","166","8.2","0.049","0.01","42.0%","3.7","0.1"
"[object Object]","2025","Arden Key","Titans","DE","288","271","7.8","0.029","-0.01","45.0%","2.3","0.1"
"[object Object]","2025","Austin Booker","Bears","DE","312","304","7.8","0.026","-0.01","46.0%","2.1","0.1"
"[object Object]","2025","SirVocea Dennis","Buccaneers","LB","567","79","7.6","0.096","0.06","6.0%","5.9","0.2"
"[object Object]","2025","Josaiah Stewart","Rams","LB","230","154","7.5","0.049","0.02","29.0%","4.4","0.1"
"[object Object]","2025","Deone Walker","Bills","DT","215","213","7.5","0.035","-0.00","46.0%","3.1","0.1"
"[object Object]","2025","D.J. Jones","Broncos","DT","201","199","7.4","0.037","0.00","41.0%","4.0","0.1"
"[object Object]","2025","DaQuan Jones","Bills","DT","245","244","7.4","0.030","-0.01","43.0%","2.1","0.1"
"[object Object]","2025","Baron Browning","Cardinals","LB","295","188","7.3","0.039","0.01","30.0%","3.8","0.1"
"[object Object]","2025","Nick Bolton","Chiefs","LB","564","98","7.3","0.074","0.04","7.0%","5.1","0.2"
"[object Object]","2025","Justin Eboigbe","Chargers","DE","224","219","7.3","0.033","-0.00","45.0%","2.0","0.1"
"[object Object]","2025","Dorance Armstrong","Commanders","LB","134","129","7.3","0.056","0.02","48.0%","4.6","0.1"
"[object Object]","2025","Jordan Davis","Eagles","DT","355","353","7.3","0.021","-0.01","45.0%","1.1","0.0"
"[object Object]","2025","Jonathan Greenard","Vikings","LB","319","254","7.2","0.028","-0.01","36.0%","1.7","0.1"
"[object Object]","2025","Tavius Robinson","Ravens","DE","258","240","7.2","0.030","-0.00","51.0%","3.1","0.1"
"[object Object]","2025","Khalil Mack","Chargers","LB","256","243","7.1","0.029","-0.01","38.0%","0.8","0.0"
"[object Object]","2025","Tyrel Dodson","Dolphins","LB","499","64","7.1","0.111","0.08","6.0%","5.8","0.2"
"[object Object]","2025","Bobby Wagner","Commanders","LB","617","73","7.0","0.096","0.06","5.0%","5.6","0.2"
"[object Object]","2025","Boye Mafe","Seahawks","LB","350","310","6.9","0.022","-0.01","39.0%","0.7","0.0"
"[object Object]","2025","James Houston","Cowboys","LB","182","165","6.9","0.042","0.01","48.0%","4.8","0.1"
"[object Object]","2025","Leonard Floyd","Falcons","LB","293","274","6.7","0.024","-0.01","42.0%","0.7","0.0"
"[object Object]","2025","Chop Robinson","Dolphins","DE","251","225","6.4","0.028","-0.01","44.0%","1.9","0.1"
"[object Object]","2025","Keion White","2 teams","DE","289","286","6.3","0.022","-0.01","49.0%","0.3","0.0"
"[object Object]","2025","Dondrea Tillman","Broncos","LB","237","196","6.3","0.032","-0.00","40.0%","2.2","0.1"
"[object Object]","2025","Poona Ford","Rams","DT","267","264","6.0","0.023","-0.01","50.0%","2.0","0.1"
"[object Object]","2025","Adetomiwa Adebawore","Colts","DT","339","332","5.9","0.018","-0.01","50.0%","0.8","0.0"
"[object Object]","2025","Nolan Smith","Eagles","LB","247","212","5.9","0.028","-0.01","37.0%","1.4","0.0"
"[object Object]","2025","BJ Hill","Bengals","DT","332","332","5.9","0.018","-0.02","54.0%","-0.1","-0.0"
"[object Object]","2025","A.J. Epenesa","Bills","DE","223","204","5.9","0.029","-0.01","41.0%","1.2","0.0"
"[object Object]","2025","Kaden Elliss","Falcons","LB","626","161","5.8","0.036","0.00","12.0%","2.3","0.1"
"[object Object]","2025","Jonah Elliss","Broncos","LB","192","159","5.7","0.036","0.00","37.0%","2.2","0.1"
"[object Object]","2025","Nick Cross","Colts","S","661","52","5.7","0.109","0.08","4.0%","4.0","0.1"
"[object Object]","2025","Samson Ebukam","Colts","DE","247","211","5.6","0.027","-0.01","39.0%","1.9","0.1"
"[object Object]","2025","Thomas Booker IV","Raiders","DT","277","274","5.4","0.020","-0.01","48.0%","0.4","0.0"
"[object Object]","2025","Josh Uche","Eagles","LB","145","130","5.4","0.042","0.01","41.0%","2.7","0.1"
"[object Object]","2025","Jonah Williams","Saints","DE","159","158","5.4","0.034","0.00","39.0%","2.5","0.1"
"[object Object]","2025","Sam Okuayinonu","49ers","DE","336","323","5.3","0.016","-0.02","48.0%","-0.8","-0.0"
"[object Object]","2025","Javon Hargrave","Vikings","DT","285","282","5.3","0.019","-0.01","43.0%","0.3","0.0"
"[object Object]","2025","Carson Schwesinger","Browns","LB","510","66","5.3","0.080","0.05","5.0%","3.8","0.1"
"[object Object]","2025","Tyquan Lewis","Colts","DE","208","191","5.3","0.028","-0.00","43.0%","1.9","0.1"
"[object Object]","2025","Jarran Reed","Seahawks","DT","223","221","5.3","0.024","-0.01","44.0%","1.6","0.0"
"[object Object]","2025","Zaire Franklin","Colts","LB","661","104","5.2","0.050","0.02","7.0%","3.2","0.1"
"[object Object]","2025","Clelin Ferrell","2 teams","DE","153","148","5.2","0.035","-0.00","47.0%","1.9","0.1"
"[object Object]","2025","Jihad Ward","Titans","LB","419","386","5.1","0.013","-0.02","45.0%","-3.7","-0.1"
"[object Object]","2025","Grover Stewart","Colts","DT","342","338","5.1","0.015","-0.02","49.0%","-0.3","-0.0"
"[object Object]","2025","Jonathan Allen","Vikings","DT","394","388","4.9","0.013","-0.02","43.0%","-2.5","-0.1"
"[object Object]","2025","Kayvon Thibodeaux","Giants","DE","302","294","4.7","0.016","-0.02","47.0%","-0.5","-0.0"
"[object Object]","2025","Justin Strnad","Broncos","LB","345","67","4.6","0.069","0.04","7.0%","3.3","0.1"
"[object Object]","2025","Antoine Winfield Jr.","Buccaneers","S","643","61","4.6","0.076","0.04","5.0%","2.5","0.1"
"[object Object]","2025","T.J. Slaton","Bengals","DT","263","263","4.5","0.017","-0.02","55.0%","-0.3","-0.0"
"[object Object]","2025","Frankie Luvu","Commanders","LB","607","211","4.4","0.021","-0.01","17.0%","0.4","0.0"
"[object Object]","2025","Dennis Gardeck","Jaguars","LB","247","116","4.4","0.038","0.00","15.0%","2.0","0.1"
"[object Object]","2025","Dayo Odeyingbo","Bears","DE","199","187","4.4","0.024","-0.01","50.0%","0.4","0.0"
"[object Object]","2025","T'Vondre Sweat","Titans","DT","192","192","4.4","0.023","-0.01","54.0%","0.4","0.0"
"[object Object]","2025","Brandon Dorlus","Falcons","DT","292","290","4.3","0.015","-0.02","44.0%","-1.2","-0.0"
"[object Object]","2025","Jack Campbell","Lions","LB","632","66","4.2","0.064","0.03","3.0%","2.8","0.1"
"[object Object]","2025","Dawuane Smoot","Jaguars","DE","325","300","4.1","0.014","-0.02","41.0%","-2.1","-0.1"
"[object Object]","2025","Zach Sieler","Dolphins","DT","452","440","3.9","0.009","-0.03","53.0%","-4.3","-0.1"
"[object Object]","2025","Jonah Laulu","Raiders","DT","375","368","3.7","0.010","-0.02","49.0%","-2.6","-0.1"
"[object Object]","2025","Micheal Clemons","Jets","DE","303","298","3.7","0.012","-0.02","50.0%","-1.9","-0.1"
"[object Object]","2025","Mike Green","Ravens","LB","420","382","3.6","0.009","-0.02","40.0%","-4.3","-0.1"
"[object Object]","2025","Grady Jarrett","Bears","DT","376","373","3.6","0.010","-0.02","48.0%","-3.2","-0.1"
"[object Object]","2025","Jermaine Johnson II","Jets","DE","376","366","3.3","0.009","-0.02","48.0%","-2.8","-0.1"
"[object Object]","2025","Arnold Ebiketie","Falcons","LB","194","172","3.3","0.019","-0.01","37.0%","-0.2","-0.0"
"[object Object]","2025","Sam Williams","Cowboys","DE","270","250","3.1","0.012","-0.02","48.0%","-1.7","-0.1"
"[object Object]","2025","Tyler Davis","Rams","DE","232","232","3.1","0.013","-0.02","49.0%","-1.1","-0.0"
"[object Object]","2025","Carl Granderson","Saints","DE","411","314","2.9","0.009","-0.02","31.0%","-2.8","-0.1"
"[object Object]","2025","Alex Singleton","Broncos","LB","629","77","2.9","0.038","0.01","3.0%","1.5","0.0"
"[object Object]","2025","Kyle Van Noy","Ravens","LB","360","307","2.8","0.009","-0.02","38.0%","-3.0","-0.1"
"[object Object]","2025","Lukas Van Ness","Packers","DE","148","140","2.8","0.020","-0.01","42.0%","0.3","0.0"
"[object Object]","2025","Karl Brooks","Packers","DT","363","353","2.7","0.008","-0.02","47.0%","-3.3","-0.1"
"[object Object]","2025","Roy Robertson-Harris","Giants","DT","284","282","2.7","0.009","-0.02","50.0%","-2.4","-0.1"
"[object Object]","2025","Nick Emmanwori","Seahawks","S","487","64","2.7","0.042","0.01","4.0%","0.5","0.0"
"[object Object]","2025","Von Miller","Commanders","LB","283","265","2.5","0.009","-0.02","50.0%","-2.7","-0.1"
"[object Object]","2025","Kingsley Enagbare","Packers","DE","246","223","2.5","0.011","-0.02","43.0%","-1.7","-0.1"
"[object Object]","2025","Nic Scourton","Panthers","LB","390","332","2.3","0.007","-0.03","43.0%","-4.9","-0.2"
"[object Object]","2025","Cameron Thomas","Browns","DE","150","143","2.3","0.016","-0.02","35.0%","-0.4","-0.0"
"[object Object]","2025","Chris Braswell","Buccaneers","LB","163","131","2.1","0.016","-0.02","42.0%","-0.7","-0.0"
"[object Object]","2025","Derrick Harmon","Steelers","DT","266","266","2.0","0.008","-0.02","46.0%","-2.2","-0.1"
"[object Object]","2025","Isaiah McGuire","Browns","DE","239","224","1.7","0.008","-0.03","44.0%","-2.8","-0.1"
"[object Object]","2025","Preston Smith","Commanders","LB","124","123","1.7","0.014","-0.02","54.0%","-0.6","-0.0"
"[object Object]","2025","Donovan Ezeiruaku","Cowboys","LB","342","311","1.6","0.005","-0.03","50.0%","-4.6","-0.1"
"[object Object]","2025","Devin Lloyd","Jaguars","LB","427","84","1.6","0.020","-0.01","9.0%","-0.1","-0.0"
"[object Object]","2025","David Onyemata","Falcons","DT","306","306","1.6","0.005","-0.03","50.0%","-3.9","-0.1"
"[object Object]","2025","Derrick Barnes","Lions","LB","518","159","1.4","0.009","-0.02","11.0%","-2.1","-0.1"
"[object Object]","2025","Tershawn Wharton","Panthers","DT","210","210","1.4","0.007","-0.03","50.0%","-2.6","-0.1"
"[object Object]","2025","Daiyan Henley","Chargers","LB","548","56","1.2","0.022","-0.01","4.0%","-0.1","-0.0"
"[object Object]","2025","Haason Reddick","Buccaneers","LB","368","281","1.1","0.004","-0.03","40.0%","-5.1","-0.2"
"[object Object]","2025","Nate Landman","Rams","LB","572","57","1.0","0.018","-0.02","4.0%","-0.2","-0.0"
"[object Object]","2025","Kwity Paye","Colts","DE","434","387","0.8","0.002","-0.03","45.0%","-5.8","-0.2"
"[object Object]","2025","Ashton Gillotte","Chiefs","DE","269","250","0.8","0.003","-0.03","42.0%","-4.6","-0.1"
"[object Object]","2025","Kenny Clark","Cowboys","DT","429","427","0.6","0.001","-0.03","54.0%","-7.3","-0.2"
"[object Object]","2025","Logan Hall","Buccaneers","DE","342","337","0.6","0.002","-0.03","54.0%","-6.4","-0.2"
"[object Object]","2025","Bud Dupree","Chargers","LB","220","187","0.5","0.003","-0.03","38.0%","-4.0","-0.1"
"[object Object]","2025","Kenneth Grant","Dolphins","DT","318","312","0.5","0.002","-0.03","53.0%","-5.4","-0.2"
"[object Object]","2025","Patrick Queen","Steelers","LB","667","69","-0.6","-0.008","-0.04","5.0%","-1.8","-0.1"
"[object Object]","2025","Ruke Orhorhoro","Falcons","DT","363","362","-1.2","-0.003","-0.04","46.0%","-7.6","-0.2"
"[object Object]","2025","Javon Kinlaw","Commanders","DT","373","371","-2.1","-0.006","-0.04","51.0%","-8.4","-0.3"
"[object Object]","2025","D.J. Wonnum","Panthers","DE","402","349","-6.2","-0.018","-0.05","40.0%","-13.1","-0.4"