"Rank","Season","Player","Team","Pos","Tgts","Points Earned","PE Per Route","Points Above Avg","PAA Per Route","EPA","EPA Per Tgt","Positive%","PAR","WAR","Boom%","Bust%"
"[object Object]","2025","Puka Nacua","Rams","WR","164","63.82","0.143","53.48","0.120","104.74","0.64","72.0%","59.2","1.8","38.4%","5.5%"
"[object Object]","2025","Trey McBride","Cardinals","TE","168","42.97","0.064","27.24","0.041","58.13","0.35","60.7%","36.2","1.1","20.8%","7.7%"
"[object Object]","2025","Jaxon Smith-Njigba","Seahawks","WR","163","37.72","0.078","26.06","0.054","70.63","0.43","62.0%","32.0","1.0","34.4%","12.3%"
"[object Object]","2025","Bijan Robinson","Falcons","RB","102","36.91","0.089","27.09","0.065","21.80","0.21","55.9%","31.8","1.0","16.7%","8.8%"
"[object Object]","2025","Ja'Marr Chase","Bengals","WR","186","35.01","0.056","20.44","0.033","30.23","0.16","54.3%","29.0","0.9","23.1%","13.4%"
"[object Object]","2025","Amon-Ra St. Brown","Lions","WR","175","34.12","0.065","21.75","0.042","40.10","0.23","56.6%","28.4","0.9","25.7%","14.9%"
"[object Object]","2025","Justin Jefferson","Vikings","WR","141","33.17","0.062","19.64","0.037","-3.64","-0.03","50.4%","26.1","0.8","23.4%","16.3%"
"[object Object]","2025","Stefon Diggs","Patriots","WR","102","32.97","0.082","23.41","0.058","60.74","0.60","74.5%","28.5","0.9","34.3%","11.8%"
"[object Object]","2025","George Pickens","Cowboys","WR","137","32.84","0.056","19.80","0.034","69.59","0.51","64.2%","27.2","0.8","35.8%","8.8%"
"[object Object]","2025","Drake London","Falcons","WR","111","28.18","0.078","19.55","0.054","29.49","0.27","55.0%","24.1","0.7","26.1%","13.5%"
"[object Object]","2025","Nico Collins","Texans","WR","121","27.98","0.061","17.14","0.037","33.02","0.27","49.6%","23.0","0.7","29.8%","12.4%"
"[object Object]","2025","Alec Pierce","Colts","WR","85","27.74","0.062","16.85","0.038","44.50","0.52","52.9%","22.5","0.7","34.1%","10.6%"
"[object Object]","2025","Christian McCaffrey","49ers","RB","129","26.20","0.056","15.17","0.032","34.07","0.26","60.5%","20.5","0.6","24.0%","9.3%"
"[object Object]","2025","Tucker Kraft","Packers","TE","45","25.69","0.135","21.07","0.111","31.73","0.71","64.4%","23.6","0.7","46.7%","11.1%"
"[object Object]","2025","Zay Flowers","Ravens","WR","118","25.14","0.054","13.31","0.029","39.11","0.33","57.6%","19.1","0.6","33.1%","12.7%"
"[object Object]","2025","Hunter Henry","Patriots","TE","87","25.10","0.056","14.40","0.032","33.07","0.38","63.2%","20.4","0.6","35.6%","8.0%"
"[object Object]","2025","DK Metcalf","Steelers","WR","100","25.04","0.059","14.57","0.034","19.68","0.20","50.0%","19.7","0.6","24.0%","15.0%"
"[object Object]","2025","Jameson Williams","Lions","WR","101","24.60","0.045","11.54","0.021","44.12","0.44","55.4%","18.6","0.6","35.6%","15.8%"
"[object Object]","2025","Colston Loveland","Bears","TE","81","24.40","0.069","16.19","0.045","44.51","0.55","64.2%","21.0","0.6","33.3%","6.2%"
"[object Object]","2025","Parker Washington","Jaguars","WR","95","23.54","0.061","14.96","0.038","23.23","0.24","52.6%","21.1","0.7","31.6%","15.8%"
"[object Object]","2025","Tee Higgins","Bengals","WR","99","22.82","0.046","10.69","0.021","27.54","0.28","55.6%","16.9","0.5","30.3%","13.1%"
"[object Object]","2025","Tetairoa McMillan","Panthers","WR","122","22.61","0.044","9.94","0.019","20.89","0.17","51.6%","16.4","0.5","32.0%","22.1%"
"[object Object]","2025","Michael Wilson","Cardinals","WR","127","22.48","0.037","8.69","0.014","21.04","0.17","52.8%","16.1","0.5","21.3%","16.5%"
"[object Object]","2025","George Kittle","49ers","TE","69","21.34","0.075","14.26","0.050","43.73","0.63","72.5%","18.0","0.6","34.8%","4.3%"
"[object Object]","2025","Terry McLaurin","Commanders","WR","60","21.18","0.084","15.11","0.060","22.99","0.38","63.3%","18.1","0.6","28.3%","16.7%"
"[object Object]","2025","AJ Barner","Seahawks","TE","68","20.84","0.062","12.37","0.037","22.82","0.34","66.2%","16.9","0.5","27.9%","5.9%"
"[object Object]","2025","Travis Kelce","Chiefs","TE","108","20.83","0.041","8.53","0.017","32.80","0.30","62.0%","15.4","0.5","26.9%","9.3%"
"[object Object]","2025","Rome Odunze","Bears","WR","90","20.49","0.057","12.29","0.034","16.52","0.18","45.6%","16.9","0.5","32.2%","12.2%"
"[object Object]","2025","Brock Bowers","Raiders","TE","87","20.29","0.054","10.55","0.028","14.22","0.16","60.9%","15.6","0.5","28.7%","11.5%"
"[object Object]","2025","DeVonta Smith","Eagles","WR","114","19.98","0.041","7.66","0.016","48.49","0.43","53.5%","13.5","0.4","28.1%","8.8%"
"[object Object]","2025","Jahmyr Gibbs","Lions","RB","94","19.64","0.059","11.73","0.035","16.26","0.17","48.9%","15.5","0.5","18.1%","9.6%"
"[object Object]","2025","CeeDee Lamb","Cowboys","WR","117","19.07","0.043","9.40","0.021","23.36","0.20","52.1%","15.0","0.5","25.6%","12.0%"
"[object Object]","2025","Ladd McConkey","Chargers","WR","107","19.01","0.035","6.70","0.012","11.04","0.10","52.3%","13.5","0.4","24.3%","13.1%"
"[object Object]","2025","Sam LaPorta","Lions","TE","49","18.89","0.083","13.34","0.059","31.32","0.64","69.4%","16.4","0.5","32.7%","6.1%"
"[object Object]","2025","Tyjae Spears","Titans","RB","51","18.82","0.096","13.99","0.071","-1.40","-0.03","37.3%","15.8","0.5","15.7%","15.7%"
"[object Object]","2025","Harold Fannin Jr.","Browns","TE","107","18.70","0.045","9.10","0.022","0.15","0.00","48.6%","14.5","0.4","19.6%","15.9%"
"[object Object]","2025","Dalton Schultz","Texans","TE","105","18.61","0.038","7.43","0.015","42.55","0.41","66.7%","13.9","0.4","21.0%","4.8%"
"[object Object]","2025","Davante Adams","Rams","WR","113","18.48","0.048","9.18","0.024","23.85","0.21","50.4%","14.0","0.4","25.7%","14.2%"
"[object Object]","2025","A.J. Brown","Eagles","WR","121","18.25","0.040","6.93","0.015","30.93","0.26","55.4%","12.6","0.4","23.1%","14.0%"
"[object Object]","2025","Cooper Kupp","Seahawks","WR","71","17.95","0.046","8.49","0.022","3.79","0.05","57.7%","12.9","0.4","22.5%","19.7%"
"[object Object]","2025","Josh Downs","Colts","WR","88","17.78","0.050","9.04","0.025","6.20","0.07","52.3%","13.4","0.4","27.3%","15.9%"
"[object Object]","2025","Courtland Sutton","Broncos","WR","123","17.66","0.032","5.38","0.010","41.07","0.33","53.7%","12.1","0.4","28.5%","16.3%"
"[object Object]","2025","Tyler Warren","Colts","TE","113","17.46","0.036","5.46","0.011","11.80","0.10","53.1%","11.9","0.4","23.0%","7.1%"
"[object Object]","2025","Breece Hall","Jets","RB","48","17.44","0.078","12.01","0.054","9.38","0.20","58.3%","14.5","0.4","12.5%","6.3%"
"[object Object]","2025","Ty Johnson","Bills","RB","33","16.57","0.085","12.19","0.063","8.49","0.26","51.5%","14.3","0.4","18.2%","18.2%"
"[object Object]","2025","Luther Burden III","Bears","WR","60","16.42","0.071","11.24","0.049","29.86","0.50","60.0%","14.1","0.4","35.0%","11.7%"
"[object Object]","2025","Wan'Dale Robinson","Giants","WR","140","16.19","0.030","4.07","0.008","11.99","0.09","50.0%","10.2","0.3","22.9%","17.1%"
"[object Object]","2025","Khalil Shakir","Bills","WR","95","15.90","0.040","6.87","0.017","5.54","0.06","46.3%","11.7","0.4","18.9%","18.9%"
"[object Object]","2025","Dalton Kincaid","Bills","TE","49","15.09","0.083","10.90","0.060","35.25","0.72","67.3%","13.3","0.4","42.9%","6.1%"
"[object Object]","2025","Emeka Egbuka","Buccaneers","WR","130","15.06","0.030","3.63","0.007","0.64","0.00","42.3%","9.9","0.3","18.5%","19.2%"
"[object Object]","2025","Elic Ayomanor","Titans","WR","89","14.51","0.032","3.13","0.007","-14.49","-0.16","41.6%","8.8","0.3","21.3%","22.5%"
"[object Object]","2025","Keenan Allen","Chargers","WR","122","14.50","0.032","4.22","0.009","25.56","0.21","57.4%","10.3","0.3","23.0%","18.0%"
"[object Object]","2025","Pat Freiermuth","Steelers","TE","53","14.31","0.049","7.16","0.024","22.51","0.42","58.5%","11.0","0.3","26.4%","7.5%"
"[object Object]","2025","Jordan Addison","Vikings","WR","77","14.29","0.035","4.32","0.011","9.26","0.12","44.2%","9.2","0.3","15.6%","13.0%"
"[object Object]","2025","DeAndre Hopkins","Ravens","WR","37","14.18","0.076","9.40","0.050","14.64","0.40","59.5%","11.7","0.4","37.8%","16.2%"
"[object Object]","2025","Christian Watson","Packers","WR","55","14.16","0.062","8.56","0.038","26.63","0.48","60.0%","11.4","0.4","30.9%","12.7%"
"[object Object]","2025","JuJu Smith-Schuster","Chiefs","WR","46","14.04","0.044","6.08","0.019","0.68","0.01","63.0%","10.1","0.3","23.9%","13.0%"
"[object Object]","2025","Demario Douglas","Patriots","WR","46","13.97","0.065","9.01","0.042","22.41","0.49","54.3%","11.4","0.4","26.1%","13.0%"
"[object Object]","2025","Chris Olave","Saints","WR","156","13.75","0.025","0.71","0.001","32.43","0.21","50.0%","7.8","0.2","18.6%","10.3%"
"[object Object]","2025","Darnell Washington","Steelers","TE","43","13.57","0.075","9.04","0.050","9.10","0.21","58.1%","11.4","0.4","32.6%","9.3%"
"[object Object]","2025","Kyle Pitts","Falcons","TE","118","13.39","0.027","1.03","0.002","23.00","0.19","58.5%","7.9","0.2","27.1%","12.7%"
"[object Object]","2025","Jakobi Meyers","2 teams","WR","109","13.29","0.026","1.35","0.003","10.93","0.10","61.5%","7.6","0.2","23.9%","11.0%"
"[object Object]","2025","Jaylen Waddle","Dolphins","WR","100","13.15","0.034","3.40","0.009","25.20","0.25","59.0%","8.0","0.2","32.0%","15.0%"
"[object Object]","2025","Brenton Strange","Jaguars","TE","60","13.11","0.045","6.30","0.021","27.61","0.46","68.3%","10.2","0.3","26.7%","6.7%"
"[object Object]","2025","Bucky Irving","Buccaneers","RB","35","13.11","0.084","9.62","0.062","10.10","0.29","48.6%","11.3","0.4","20.0%","8.6%"
"[object Object]","2025","Ricky Pearsall","49ers","WR","53","13.05","0.049","7.18","0.027","21.18","0.40","62.3%","10.4","0.3","35.8%","13.2%"
"[object Object]","2025","Kayshon Boutte","Patriots","WR","46","12.84","0.036","4.39","0.012","29.65","0.64","71.7%","8.8","0.3","37.0%","15.2%"
"[object Object]","2025","Greg Dulcich","Dolphins","TE","33","12.74","0.100","9.48","0.075","15.58","0.47","69.7%","11.1","0.3","30.3%","6.1%"
"[object Object]","2025","Ryan Flournoy","Cowboys","WR","57","12.48","0.048","6.53","0.025","20.83","0.37","57.9%","9.8","0.3","22.8%","12.3%"
"[object Object]","2025","Juwan Johnson","Saints","TE","102","12.06","0.024","0.29","0.001","33.53","0.33","61.8%","7.0","0.2","24.5%","9.8%"
"[object Object]","2025","Xavier Worthy","Chiefs","WR","73","12.01","0.032","3.26","0.009","8.67","0.12","49.3%","7.2","0.2","23.3%","13.7%"
"[object Object]","2025","Chigoziem Okonkwo","Titans","TE","79","11.83","0.032","2.36","0.006","8.71","0.11","43.0%","7.4","0.2","20.3%","10.1%"
"[object Object]","2025","KaVontae Turpin","Cowboys","WR","38","11.43","0.049","6.41","0.027","13.05","0.34","52.6%","9.3","0.3","26.3%","18.4%"
"[object Object]","2025","Jaylen Warren","Steelers","RB","45","10.94","0.071","7.06","0.046","9.49","0.21","55.6%","8.7","0.3","8.9%","4.4%"
"[object Object]","2025","Jake Tonges","49ers","TE","46","10.91","0.050","6.09","0.028","13.80","0.30","60.9%","9.1","0.3","17.4%","8.7%"
"[object Object]","2025","Deebo Samuel","Commanders","WR","99","10.77","0.026","0.22","0.001","20.86","0.21","56.6%","5.3","0.2","22.2%","15.2%"
"[object Object]","2025","Malik Nabers","Giants","WR","35","10.70","0.082","7.74","0.060","2.83","0.08","45.7%","9.3","0.3","14.3%","11.4%"
"[object Object]","2025","Dontayvion Wicks","Packers","WR","47","10.63","0.050","5.63","0.026","12.02","0.26","61.7%","8.3","0.3","25.5%","19.1%"
"[object Object]","2025","Chase Brown","Bengals","RB","88","10.18","0.028","1.58","0.004","-6.79","-0.08","47.7%","5.8","0.2","12.5%","8.0%"
"[object Object]","2025","Jauan Jennings","49ers","WR","90","10.11","0.023","-0.12","-0.000","0.14","0.00","52.2%","5.2","0.2","28.9%","20.0%"
"[object Object]","2025","Travis Etienne","Jaguars","RB","52","10.07","0.040","4.52","0.018","4.69","0.09","51.9%","8.8","0.3","13.5%","7.7%"
"[object Object]","2025","Dylan Sampson","Browns","RB","40","9.93","0.072","6.75","0.049","2.67","0.07","50.0%","8.2","0.3","17.5%","15.0%"
"[object Object]","2025","Jalen Coker","Panthers","WR","42","9.90","0.037","2.70","0.010","17.01","0.40","61.9%","6.1","0.2","26.2%","9.5%"
"[object Object]","2025","Tre Tucker","Raiders","WR","91","9.82","0.018","-4.36","-0.008","21.04","0.23","49.5%","2.0","0.1","20.9%","7.7%"
"[object Object]","2025","Chris Godwin","Buccaneers","WR","51","9.74","0.041","4.18","0.018","4.84","0.09","51.0%","7.2","0.2","25.5%","15.7%"
"[object Object]","2025","Tyler Higbee","Rams","TE","35","9.56","0.055","5.46","0.031","10.15","0.29","62.9%","7.8","0.2","25.7%","17.1%"
"[object Object]","2025","T.J. Hockenson","Vikings","TE","66","9.47","0.025","-0.56","-0.001","11.41","0.17","54.5%","4.5","0.1","19.7%","6.1%"
"[object Object]","2025","Brashard Smith","Chiefs","RB","34","9.45","0.095","7.19","0.073","2.67","0.08","52.9%","8.8","0.3","14.7%","14.7%"
"[object Object]","2025","Kenneth Walker III","Seahawks","RB","36","9.35","0.057","5.28","0.032","7.03","0.20","50.0%","7.1","0.2","25.0%","8.3%"
"[object Object]","2025","Rhamondre Stevenson","Patriots","RB","37","9.06","0.038","3.30","0.014","13.51","0.37","54.1%","6.0","0.2","27.0%","8.1%"
"[object Object]","2025","Rashid Shaheed","2 teams","WR","92","8.88","0.019","-2.20","-0.005","0.79","0.01","48.9%","3.1","0.1","15.2%","13.0%"
"[object Object]","2025","Woody Marks","Texans","RB","36","8.80","0.042","4.05","0.019","5.85","0.16","44.4%","6.5","0.2","19.4%","8.3%"
"[object Object]","2025","Marvin Harrison Jr.","Cardinals","WR","73","8.68","0.024","0.37","0.001","22.93","0.31","54.8%","4.8","0.1","27.4%","12.3%"
"[object Object]","2025","Pat Bryant","Broncos","WR","51","8.27","0.030","2.08","0.007","8.00","0.16","56.9%","5.5","0.2","27.5%","15.7%"
"[object Object]","2025","Tyler Badie","Broncos","RB","31","8.25","0.064","5.35","0.041","3.33","0.11","38.7%","6.8","0.2","22.6%","12.9%"
"[object Object]","2025","Colby Parkinson","Rams","TE","56","8.18","0.034","2.63","0.011","9.98","0.18","66.1%","5.9","0.2","28.6%","5.4%"
"[object Object]","2025","James Cook III","Bills","RB","40","8.11","0.040","3.33","0.016","8.22","0.21","55.0%","5.6","0.2","20.0%","5.0%"
"[object Object]","2025","Devaughn Vele","Saints","WR","39","8.09","0.035","2.84","0.012","17.11","0.44","61.5%","5.8","0.2","33.3%","7.7%"
"[object Object]","2025","Chuba Hubbard","Panthers","RB","39","8.05","0.042","3.37","0.018","4.64","0.12","46.2%","5.6","0.2","20.5%","15.4%"
"[object Object]","2025","D'Andre Swift","Bears","RB","48","8.03","0.031","2.12","0.008","0.17","0.00","35.4%","5.0","0.2","8.3%","10.4%"
"[object Object]","2025","Mike Gesicki","Bengals","TE","42","8.03","0.033","2.20","0.009","2.67","0.06","64.3%","5.4","0.2","28.6%","19.0%"
"[object Object]","2025","Rico Dowdle","Panthers","RB","48","7.96","0.040","2.92","0.015","2.34","0.05","43.8%","5.2","0.2","16.7%","8.3%"
"[object Object]","2025","Rashee Rice","Chiefs","WR","79","7.94","0.032","2.28","0.009","8.67","0.11","51.9%","5.0","0.2","20.3%","16.5%"
"[object Object]","2025","Dallas Goedert","Eagles","TE","81","7.86","0.019","-2.59","-0.006","23.60","0.29","59.3%","3.0","0.1","21.0%","6.2%"
"[object Object]","2025","Garrett Wilson","Jets","WR","59","7.75","0.035","2.26","0.010","0.53","0.01","45.8%","5.0","0.2","18.6%","13.6%"
"[object Object]","2025","Tez Johnson","Buccaneers","WR","44","7.55","0.027","1.15","0.004","18.66","0.42","52.3%","4.5","0.1","29.5%","6.8%"
"[object Object]","2025","Kenneth Gainwell","Steelers","RB","85","7.53","0.025","0.18","0.001","3.89","0.05","43.5%","2.7","0.1","15.3%","10.6%"
"[object Object]","2025","Jayden Higgins","Texans","WR","68","7.44","0.022","-0.45","-0.001","14.03","0.21","51.5%","3.9","0.1","23.5%","11.8%"
"[object Object]","2025","Darren Waller","Dolphins","TE","34","7.30","0.050","3.41","0.023","20.76","0.61","61.8%","5.4","0.2","41.2%","11.8%"
"[object Object]","2025","Matthew Golden","Packers","WR","43","7.18","0.029","1.13","0.005","16.78","0.39","51.2%","4.1","0.1","27.9%","9.3%"
"[object Object]","2025","Jalen Nailor","Vikings","WR","53","7.14","0.019","-2.48","-0.007","7.75","0.15","50.9%","2.1","0.1","34.0%","20.8%"
"[object Object]","2025","De'Von Achane","Dolphins","RB","85","7.02","0.022","-1.13","-0.004","-7.73","-0.09","44.7%","5.8","0.2","12.9%","12.9%"
"[object Object]","2025","Mike Evans","Buccaneers","WR","61","6.80","0.032","1.94","0.009","4.29","0.07","47.5%","4.6","0.1","23.0%","13.1%"
"[object Object]","2025","Michael Pittman Jr.","Colts","WR","110","6.57","0.013","-5.90","-0.012","26.07","0.24","61.8%","0.0","0.0","20.9%","9.1%"
"[object Object]","2025","Tyrone Tracy Jr.","Giants","RB","47","6.39","0.026","0.72","0.003","-1.60","-0.03","46.8%","3.5","0.1","12.8%","12.8%"
"[object Object]","2025","Tyquan Thornton","Chiefs","WR","37","6.35","0.028","0.96","0.004","22.48","0.61","45.9%","3.8","0.1","35.1%","10.8%"
"[object Object]","2025","Josh Jacobs","Packers","RB","44","6.33","0.034","1.73","0.009","8.13","0.18","50.0%","3.8","0.1","11.4%","9.1%"
"[object Object]","2025","Mack Hollins","Patriots","WR","65","6.19","0.019","-1.70","-0.005","22.59","0.35","66.2%","2.5","0.1","23.1%","9.2%"
"[object Object]","2025","Dawson Knox","Bills","TE","49","6.12","0.022","-0.51","-0.002","12.68","0.26","61.2%","3.3","0.1","26.5%","12.2%"
"[object Object]","2025","Evan Engram","Broncos","TE","76","6.02","0.018","-1.47","-0.004","5.55","0.07","44.7%","3.0","0.1","17.1%","11.8%"
"[object Object]","2025","David Njoku","Browns","TE","48","5.95","0.022","-0.09","-0.000","-2.69","-0.06","50.0%","3.4","0.1","16.7%","8.3%"
"[object Object]","2025","Bam Knight","Cardinals","RB","31","5.93","0.049","3.49","0.029","-1.20","-0.04","58.1%","4.8","0.1","12.9%","3.2%"
"[object Object]","2025","Michael Mayer","Raiders","TE","50","5.90","0.028","0.28","0.001","-6.28","-0.13","56.0%","3.1","0.1","16.0%","16.0%"
"[object Object]","2025","Quentin Johnston","Chargers","WR","84","5.80","0.012","-4.97","-0.011","20.10","0.24","45.2%","0.9","0.0","21.4%","16.7%"
"[object Object]","2025","Theo Johnson","Giants","TE","74","5.71","0.014","-3.69","-0.009","6.25","0.08","45.9%","1.7","0.1","21.6%","16.2%"
"[object Object]","2025","Gunnar Helm","Titans","TE","55","5.61","0.024","-0.17","-0.001","6.73","0.12","52.7%","2.9","0.1","10.9%","3.6%"
"[object Object]","2025","Calvin Ridley","Titans","WR","37","5.26","0.036","1.65","0.011","-2.30","-0.06","37.8%","3.5","0.1","24.3%","21.6%"
"[object Object]","2025","Ashton Jeanty","Raiders","RB","72","4.99","0.017","-2.99","-0.010","-11.88","-0.16","47.2%","0.5","0.0","12.5%","16.7%"
"[object Object]","2025","RJ Harvey","Broncos","RB","58","4.87","0.022","-0.05","-0.000","12.46","0.21","50.0%","2.4","0.1","20.7%","6.9%"
"[object Object]","2025","Van Jefferson","Titans","WR","52","4.74","0.014","-3.50","-0.011","7.12","0.14","50.0%","0.6","0.0","19.2%","15.4%"
"[object Object]","2025","Davis Allen","Rams","TE","33","4.72","0.026","0.53","0.003","6.73","0.20","60.6%","3.0","0.1","21.2%","6.1%"
"[object Object]","2025","Brian Thomas Jr.","Jaguars","WR","91","4.56","0.010","-5.11","-0.012","11.12","0.12","49.5%","0.2","0.0","25.3%","14.3%"
"[object Object]","2025","Kendrick Bourne","49ers","WR","53","4.37","0.013","-3.65","-0.011","18.88","0.36","67.9%","0.6","0.0","28.3%","13.2%"
"[object Object]","2025","Michael Carter","Cardinals","RB","45","4.36","0.019","-0.76","-0.003","3.30","0.07","57.8%","1.7","0.1","6.7%","6.7%"
"[object Object]","2025","Cam Skattebo","Giants","RB","32","4.35","0.037","1.67","0.014","4.27","0.13","56.3%","3.0","0.1","12.5%","9.4%"
"[object Object]","2025","DJ Moore","Bears","WR","84","4.09","0.008","-7.67","-0.015","10.62","0.13","51.2%","-1.3","-0.0","28.6%","14.3%"
"[object Object]","2025","Xavier Hutchinson","Texans","WR","58","4.08","0.011","-4.63","-0.012","6.99","0.12","51.7%","0.1","0.0","24.1%","17.2%"
"[object Object]","2025","Chimere Dike","Titans","WR","74","3.54","0.009","-5.68","-0.015","1.02","0.01","43.2%","-1.4","-0.0","20.3%","21.6%"
"[object Object]","2025","Elijah Higgins","Cardinals","TE","38","3.44","0.012","-3.27","-0.012","3.39","0.09","52.6%","0.5","0.0","26.3%","10.5%"
"[object Object]","2025","Adam Thielen","2 teams","WR","35","3.33","0.015","-1.90","-0.009","2.09","0.06","51.4%","0.7","0.0","22.9%","17.1%"
"[object Object]","2025","Saquon Barkley","Eagles","RB","50","3.21","0.012","-3.41","-0.013","-2.95","-0.06","42.0%","-0.9","-0.0","10.0%","12.0%"
"[object Object]","2025","Aaron Jones Sr.","Vikings","RB","42","3.17","0.019","-1.65","-0.010","-5.97","-0.14","40.5%","0.3","0.0","9.5%","7.1%"
"[object Object]","2025","Marquise Brown","Chiefs","WR","74","3.15","0.009","-5.50","-0.015","23.13","0.31","52.7%","0.1","0.0","28.4%","16.2%"
"[object Object]","2025","Jonathan Taylor","Colts","RB","55","3.14","0.009","-5.50","-0.016","9.81","0.18","54.5%","-0.5","-0.0","16.4%","9.1%"
"[object Object]","2025","Cedric Tillman","Browns","WR","39","3.06","0.010","-3.61","-0.012","7.60","0.19","48.7%","-0.1","-0.0","20.5%","15.4%"
"[object Object]","2025","Romeo Doubs","Packers","WR","85","2.95","0.008","-6.48","-0.016","26.41","0.31","57.6%","-1.7","-0.1","25.9%","11.8%"
"[object Object]","2025","Kyren Williams","Rams","RB","51","2.85","0.010","-3.92","-0.013","5.42","0.11","51.0%","-0.6","-0.0","13.7%","13.7%"
"[object Object]","2025","Noah Fant","Bengals","TE","41","2.70","0.014","-1.93","-0.010","-9.45","-0.23","56.1%","0.7","0.0","14.6%","7.3%"
"[object Object]","2025","Greg Dortch","Cardinals","WR","33","2.63","0.013","-1.80","-0.009","0.40","0.01","42.4%","0.8","0.0","21.2%","12.1%"
"[object Object]","2025","Xavier Legette","Panthers","WR","63","2.35","0.006","-6.88","-0.018","-1.70","-0.03","42.9%","-2.2","-0.1","20.6%","14.3%"
"[object Object]","2025","Travis Hunter","Jaguars","WR","44","2.29","0.011","-2.26","-0.010","3.04","0.07","47.7%","0.3","0.0","20.5%","13.6%"
"[object Object]","2025","Demarcus Robinson","49ers","WR","35","2.08","0.009","-3.90","-0.016","4.51","0.13","48.6%","-0.8","-0.0","22.9%","17.1%"
"[object Object]","2025","Adonai Mitchell","2 teams","WR","74","2.07","0.007","-4.94","-0.017","-13.82","-0.19","37.8%","-1.4","-0.0","14.9%","24.3%"
"[object Object]","2025","Jake Ferguson","Cowboys","TE","102","1.96","0.004","-8.76","-0.019","18.51","0.18","51.0%","-2.4","-0.1","19.6%","8.8%"
"[object Object]","2025","Noah Gray","Chiefs","TE","36","1.96","0.009","-3.24","-0.015","-2.76","-0.08","38.9%","-0.4","-0.0","16.7%","13.9%"
"[object Object]","2025","Darius Slayton","Giants","WR","63","1.86","0.005","-7.36","-0.018","15.47","0.25","49.2%","-2.5","-0.1","27.0%","9.5%"
"[object Object]","2025","Malik Washington","Dolphins","WR","64","1.76","0.005","-6.79","-0.020","-9.04","-0.14","42.2%","-3.6","-0.1","15.6%","18.8%"
"[object Object]","2025","Jerome Ford","Browns","RB","32","1.72","0.010","-2.10","-0.013","-3.72","-0.12","25.0%","-0.2","-0.0","12.5%","6.3%"
"[object Object]","2025","Rashod Bateman","Ravens","WR","38","1.53","0.005","-5.87","-0.020","0.72","0.02","47.4%","-2.2","-0.1","23.7%","23.7%"
"[object Object]","2025","Jaylin Noel","Texans","WR","35","1.44","0.007","-3.12","-0.016","5.94","0.17","48.6%","-0.6","-0.0","20.0%","17.1%"
"[object Object]","2025","Javonte Williams","Cowboys","RB","51","1.31","0.004","-5.74","-0.019","-18.64","-0.37","35.3%","-2.2","-0.1","3.9%","19.6%"
"[object Object]","2025","Tommy Tremble","Panthers","TE","37","1.22","0.005","-5.19","-0.020","5.31","0.14","59.5%","-1.8","-0.1","10.8%","5.4%"
"[object Object]","2025","Oronde Gadsden","Chargers","TE","69","1.11","0.003","-7.59","-0.020","15.62","0.23","66.7%","-2.5","-0.1","21.7%","11.6%"
"[object Object]","2025","Cole Kmet","Bears","TE","48","1.11","0.004","-6.11","-0.020","7.79","0.16","54.2%","-2.0","-0.1","20.8%","10.4%"
"[object Object]","2025","Tre' Harris","Chargers","WR","43","1.02","0.004","-5.24","-0.019","11.55","0.27","62.8%","-1.8","-0.1","30.2%","11.6%"
"[object Object]","2025","Jalen Tolbert","Cowboys","WR","34","0.85","0.003","-4.80","-0.019","2.05","0.06","44.1%","-1.7","-0.1","26.5%","17.6%"
"[object Object]","2025","Isaiah Likely","Ravens","TE","36","0.80","0.004","-4.55","-0.021","5.29","0.15","52.8%","-1.7","-0.1","16.7%","11.1%"
"[object Object]","2025","Dyami Brown","Jaguars","WR","37","0.37","0.002","-3.50","-0.019","-3.63","-0.10","43.2%","-1.3","-0.0","24.3%","13.5%"
"[object Object]","2025","Isaiah Bond","Browns","WR","43","0.31","0.001","-7.28","-0.022","-0.39","-0.01","30.2%","-3.4","-0.1","20.9%","23.3%"
"[object Object]","2025","TreVeyon Henderson","Patriots","RB","42","0.20","0.001","-4.93","-0.023","4.10","0.10","50.0%","-2.5","-0.1","11.9%","2.4%"
"[object Object]","2025","Andrei Iosivas","Bengals","WR","58","0.18","0.000","-11.97","-0.023","7.64","0.13","46.6%","-5.6","-0.2","19.0%","15.5%"
"[object Object]","2025","Josh Palmer","Bills","WR","37","-0.01","-0.000","-5.09","-0.023","4.93","0.13","51.4%","-2.3","-0.1","24.3%","10.8%"
"[object Object]","2025","Omarion Hampton","Chargers","RB","35","-0.36","-0.002","-4.30","-0.026","0.25","0.01","48.6%","-2.6","-0.1","11.4%","8.6%"
"[object Object]","2025","Mason Taylor","Jets","TE","65","-0.43","-0.001","-8.62","-0.026","3.72","0.06","50.8%","-4.2","-0.1","15.4%","9.2%"
"[object Object]","2025","Isaiah Williams","Jets","WR","36","-0.47","-0.002","-5.42","-0.027","-0.43","-0.01","41.7%","-2.9","-0.1","22.2%","19.4%"
"[object Object]","2025","Ja'Tavion Sanders","Panthers","TE","34","-0.50","-0.002","-5.73","-0.027","7.10","0.21","61.8%","-2.9","-0.1","8.8%","2.9%"
"[object Object]","2025","Jonnu Smith","Steelers","TE","55","-0.57","-0.002","-7.45","-0.028","3.53","0.06","47.3%","-3.1","-0.1","7.3%","3.6%"
"[object Object]","2025","Tony Pollard","Titans","RB","41","-0.59","-0.002","-6.65","-0.028","-12.57","-0.31","56.1%","-3.9","-0.1","4.9%","17.1%"
"[object Object]","2025","Rachaad White","Buccaneers","RB","45","-1.04","-0.004","-7.35","-0.027","-2.48","-0.06","44.4%","-4.3","-0.1","11.1%","8.9%"
"[object Object]","2025","Calvin Austin III","Steelers","WR","56","-1.11","-0.004","-8.07","-0.029","-3.10","-0.06","42.9%","-4.7","-0.1","19.6%","21.4%"
"[object Object]","2025","Jaylin Lane","Commanders","WR","32","-1.42","-0.008","-5.77","-0.031","-4.10","-0.13","40.6%","-3.5","-0.1","18.8%","21.9%"
"[object Object]","2025","Brandin Cooks","2 teams","WR","36","-1.51","-0.005","-9.23","-0.028","10.23","0.28","58.3%","-5.1","-0.2","25.0%","19.4%"
"[object Object]","2025","Luke Musgrave","Packers","TE","31","-2.04","-0.010","-6.86","-0.035","6.27","0.20","61.3%","-4.3","-0.1","12.9%","0.0%"
"[object Object]","2025","Zach Ertz","Commanders","TE","72","-2.13","-0.006","-10.20","-0.030","5.49","0.08","58.3%","-5.8","-0.2","26.4%","16.7%"
"[object Object]","2025","Jahan Dotson","Eagles","WR","36","-2.29","-0.006","-12.04","-0.031","-14.82","-0.41","38.9%","-7.2","-0.2","13.9%","22.2%"
"[object Object]","2025","Jerry Jeudy","Browns","WR","106","-2.33","-0.004","-15.12","-0.026","-37.43","-0.35","34.9%","-8.5","-0.3","15.1%","24.5%"
"[object Object]","2025","Cade Otton","Buccaneers","TE","82","-2.35","-0.005","-12.84","-0.029","5.79","0.07","53.7%","-6.9","-0.2","19.5%","12.2%"
"[object Object]","2025","John Metchie III","2 teams","WR","49","-2.53","-0.011","-8.46","-0.035","-3.98","-0.08","46.9%","-5.5","-0.2","18.4%","18.4%"
"[object Object]","2025","Keon Coleman","Bills","WR","59","-2.95","-0.010","-9.48","-0.033","7.30","0.12","59.3%","-5.9","-0.2","18.6%","13.6%"
"[object Object]","2025","Darnell Mooney","Falcons","WR","72","-2.99","-0.007","-13.33","-0.032","3.83","0.05","38.9%","-8.0","-0.2","25.0%","15.3%"
"[object Object]","2025","Tyler Lockett","2 teams","WR","54","-3.21","-0.009","-12.17","-0.035","-8.70","-0.16","44.4%","-7.9","-0.2","20.4%","31.5%"
"[object Object]","2025","Sterling Shepard","Buccaneers","WR","53","-3.52","-0.011","-11.01","-0.034","-0.94","-0.02","52.8%","-7.0","-0.2","24.5%","22.6%"
"[object Object]","2025","David Sills V","Falcons","WR","36","-3.72","-0.013","-11.03","-0.038","-4.00","-0.11","38.9%","-7.3","-0.2","19.4%","13.9%"
"[object Object]","2025","Marvin Mims Jr.","Broncos","WR","51","-3.96","-0.016","-9.45","-0.038","0.24","0.00","45.1%","-6.4","-0.2","13.7%","9.8%"
"[object Object]","2025","Troy Franklin","Broncos","WR","105","-4.07","-0.009","-14.26","-0.032","0.63","0.01","48.6%","-8.8","-0.3","15.2%","16.2%"
"[object Object]","2025","Olamide Zaccheaus","Bears","WR","64","-4.67","-0.015","-11.58","-0.037","0.77","0.01","48.4%","-6.0","-0.2","20.3%","10.9%"
"[object Object]","2025","Christian Kirk","Texans","WR","52","-5.31","-0.020","-11.46","-0.043","-14.59","-0.28","36.5%","-8.1","-0.2","17.3%","25.0%"
"[object Object]","2025","Quinshon Judkins","Browns","RB","34","-5.42","-0.037","-8.87","-0.061","-6.73","-0.20","35.3%","-7.3","-0.2","11.8%","11.8%"
"[object Object]","2025","Alvin Kamara","Saints","RB","39","-6.03","-0.029","-10.99","-0.053","-6.42","-0.16","33.3%","-8.6","-0.3","15.4%","15.4%"
"[object Object]","2025","Mark Andrews","Ravens","TE","70","-8.29","-0.026","-16.36","-0.052","-2.75","-0.04","52.9%","-12.2","-0.4","18.6%","17.1%"