"Rank","Season","Player","Team","Att","Comp%","Catchable%","On-Tgt%","Y/A","ANY/A","Y/G","TD%","Int%","Sack%","Rating","IQR","Avg Throw Depth","Pressure%"
"[object Object]","2026","Trevor Lawrence","Jaguars","23","78.3%","95.2%","71.4%","10.7","13.1","245.0","17.4%","0.0%","4.0%","150.6","150.2","10.5","24.0%"
"[object Object]","2026","Jalen Hurts","Eagles","25","56.0%","76.2%","66.7%","8.1","8.6","203.0","12.0%","0.0%","9.1%","122.2","134.3","10.0","39.4%"
"[object Object]","2026","Caleb Williams","Bears","29","72.4%","84.6%","76.9%","9.3","9.7","269.0","6.9%","0.0%","5.3%","124.1","131.7","10.4","36.8%"
"[object Object]","2026","Lamar Jackson","Ravens","25","68.0%","75.0%","75.0%","13.0","12.0","324.0","4.0%","0.0%","6.7%","124.2","130.6","10.1","44.8%"
"[object Object]","2026","Jaxson Dart","Giants","29","79.3%","89.3%","82.1%","7.9","9.5","230.0","10.3%","0.0%","5.9%","134.2","124.1","8.3","26.5%"
"[object Object]","2026","Josh Allen","Bills","29","69.0%","92.6%","88.9%","11.5","11.7","334.0","6.9%","0.0%","6.3%","130.5","122.9","12.7","31.3%"
"[object Object]","2026","Bryce Young","Panthers","37","62.2%","78.8%","69.7%","9.8","9.4","361.0","8.1%","2.7%","4.9%","110.3","121.0","9.9","29.3%"
"[object Object]","2026","Carson Wentz","Vikings","19","63.2%","88.2%","52.9%","7.0","7.9","133.0","15.8%","0.0%","13.0%","123.5","119.4","8.5","34.8%"
"[object Object]","2026","Baker Mayfield","Buccaneers","28","82.1%","96.3%","85.2%","7.7","6.0","216.0","0.0%","0.0%","11.1%","98.8","115.9","4.6","38.9%"
"[object Object]","2026","C.J. Stroud","Texans","38","68.4%","80.6%","77.8%","7.2","7.2","274.0","5.3%","0.0%","7.1%","106.7","111.7","7.6","35.7%"
"[object Object]","2026","Jayden Daniels","Commanders","34","52.9%","85.2%","66.7%","4.8","5.8","164.0","5.9%","0.0%","2.6%","85.9","109.1","8.7","44.7%"
"[object Object]","2026","Jared Goff","Lions","39","66.7%","86.5%","83.8%","5.3","6.1","206.0","5.1%","0.0%","2.4%","96.7","108.0","5.7","29.3%"
"[object Object]","2026","Geno Smith","Jets","24","79.2%","100.0%","78.3%","9.0","9.0","215.0","0.0%","0.0%","0.0%","104.0","103.4","6.7","19.2%"
"[object Object]","2026","Brock Purdy","49ers","34","73.5%","91.2%","73.5%","6.0","6.5","205.0","8.8%","2.9%","0.0%","105.6","102.7","4.0","13.9%"
"[object Object]","2026","Tyler Shough","Saints","56","62.5%","82.0%","70.0%","7.3","5.9","410.0","5.4%","3.6%","7.9%","87.6","98.7","8.6","37.1%"
"[object Object]","2026","Patrick Mahomes","Chiefs","27","55.6%","75.0%","62.5%","6.8","5.8","184.0","7.4%","3.7%","6.1%","86.0","96.4","4.8","24.2%"
"[object Object]","2026","Drew Lock","Seahawks","22","72.7%","81.0%","81.0%","8.5","8.7","187.0","4.5%","0.0%","4.2%","113.3","94.3","5.0","50.0%"
"[object Object]","2026","Aaron Rodgers","Steelers","40","60.0%","81.1%","75.7%","5.5","5.4","221.0","2.5%","0.0%","4.8%","83.4","91.7","9.7","42.9%"
"[object Object]","2026","Cam Ward","Titans","32","59.4%","75.0%","71.4%","4.4","4.2","140.0","3.1%","0.0%","7.7%","80.2","91.4","5.8","38.5%"
"[object Object]","2026","Jacoby Brissett","Cardinals","37","73.0%","91.7%","80.6%","7.5","7.8","277.0","2.7%","0.0%","2.6%","103.1","89.8","7.8","28.2%"
"[object Object]","2026","Joe Burrow","Bengals","35","71.4%","91.2%","85.3%","7.3","6.1","254.0","2.9%","2.9%","2.7%","89.5","89.6","6.8","24.3%"
"[object Object]","2026","Dak Prescott","Cowboys","34","64.7%","89.7%","75.9%","5.1","5.0","175.0","5.9%","2.9%","0.0%","84.8","88.4","8.4","25.0%"
"[object Object]","2026","Kirk Cousins","Raiders","30","70.0%","82.8%","75.9%","5.3","4.3","160.0","10.0%","6.7%","0.0%","88.2","82.6","7.6","25.8%"
"[object Object]","2026","Bo Nix","Broncos","28","60.7%","84.6%","73.1%","4.7","2.8","131.0","3.6%","3.6%","12.1%","69.2","82.1","4.5","45.5%"
"[object Object]","2026","Daniel Jones","Colts","31","61.3%","86.2%","75.9%","5.4","3.8","166.0","3.2%","3.2%","5.9%","72.8","80.8","6.4","47.1%"
"[object Object]","2026","Justin Herbert","Chargers","27","63.0%","81.5%","63.0%","7.7","5.4","209.0","3.7%","3.7%","8.6%","83.7","77.5","10.7","22.9%"
"[object Object]","2026","Malik Willis","Dolphins","27","55.6%","76.0%","56.0%","8.1","4.4","220.0","0.0%","3.7%","13.5%","66.9","76.4","13.5","51.4%"
"[object Object]","2026","Jordan Love","Packers","42","50.0%","71.8%","59.0%","9.2","8.2","387.0","4.8%","2.4%","8.7%","88.1","72.5","10.7","52.2%"
"[object Object]","2026","Deshaun Watson","Browns","22","72.7%","81.0%","61.9%","9.3","5.9","205.0","4.5%","4.5%","16.7%","97.7","67.4","10.2","40.0%"
"[object Object]","2026","Drake Maye","Patriots","33","69.7%","87.1%","80.6%","5.4","1.5","178.0","3.0%","9.1%","7.1%","54.9","62.0","6.5","35.7%"
"[object Object]","2026","Cooper Rush","Falcons","22","54.5%","76.5%","58.8%","6.5","1.8","143.0","4.5%","9.1%","15.4%","51.9","60.4","4.5","30.8%"
"[object Object]","2026","Matthew Stafford","Rams","25","60.0%","70.8%","62.5%","6.2","4.4","155.0","0.0%","4.0%","0.0%","61.3","60.2","9.4","32.0%"
"[object Object]","2026","Kyler Murray","Vikings","5","60.0%","75.0%","50.0%","3.6","-5.4","18.0","0.0%","20.0%","0.0%","27.5","22.9","7.8","42.9%"