Week,Team,PickedPct,Picks,Result
1,Jacksonville Jaguars,32.8,298,W
1,Los Angeles Chargers,22.0,200,L
1,Pittsburgh Steelers,19.8,180,W
1,Las Vegas Raiders,8.0,73,W
1,Detroit Lions,6.1,55,W
1,Philadelphia Eagles,5.0,45,W
1,Dallas Cowboys,1.3,12,L
1,Tennessee Titans,1.2,11,L
1,Cincinnati Bengals,0.9,8,W
1,New York Jets,0.8,7,W
2,Tampa Bay Buccaneers,40.5,286,L
2,San Francisco 49ers,29.1,206,W
2,Los Angeles Chargers,10.2,72,L
2,Philadelphia Eagles,6.9,49,W
2,Baltimore Ravens,4.1,29,L
2,Carolina Panthers,1.7,12,W
2,Los Angeles Rams,1.4,10,W
2,Kansas City Chiefs,1.3,9,W
2,Dallas Cowboys,1.1,8,W
2,New England Patriots,1.0,7,W
3,Kansas City Chiefs,33.7,137,W
3,Detroit Lions,14.0,57,W
3,Seattle Seahawks,11.8,48,L
3,Green Bay Packers,10.6,43,L
3,San Francisco 49ers,10.3,42,W
3,Buffalo Bills,6.4,26,W
3,New Orleans Saints,5.9,24,L
3,Carolina Panthers,2.0,8,L
3,Cincinnati Bengals,1.5,6,L
3,Philadelphia Eagles,1.5,6,L
4,Baltimore Ravens,40.8,128,W
4,Minnesota Vikings,36.0,113,W
4,Seattle Seahawks,6.7,21,W
4,Buffalo Bills,5.1,16,L
4,Indianapolis Colts,4.8,15,W
4,Arizona Cardinals,1.6,5,L
4,Green Bay Packers,1.6,5,W
4,Chicago Bears,1.0,3,W
4,Kansas City Chiefs,0.6,2,W
4,Pittsburgh Steelers,0.6,2,L
